Hash,Link,Categoria Pessoa 1,Explicação Pessoa 1,Categoria Pessoa 2,Explicação Pessoa 2,Concordância Simples,Concordância Na Explicação,Discordâncias Resolvidas,Oracle Resultados Finais,Acid Resultados,Acid Resultados Correspondentes,Oracle,ACID
acceb5180a6c262fcc502b7ff16fd9c708fd8eca,https://github.com/pulumi/pulumi-gcp/commit/acceb5180a6c262fcc502b7ff16fd9c708fd8eca,No Defect,Apenas upgrade de versão,No Defect,Só atualização de versão,No Defect,,,No Defect,NO_DEFECT,No Defect,No Defect,No Defect
bba8ba7bff3ebecf1e23460b444a97d95f1c3a39,https://github.com/2lambda123/dotcom-rendering/commit/bba8ba7bff3ebecf1e23460b444a97d95f1c3a39,Dependency,,Dependency,Commit realiza alteração das dependencias adicionando linters para garantir padrão de código e as demais alterações são para fazer o código estar de acordo com as regras definidas,Dependency,,,Dependency,CONDITIONAL_DEFECT,Conditional,Dependency,Conditional
bcd4ee9909d396b04ad918fff7e140bd854eeb28,https://github.com/sourcegraph-testing/pulumi/commit/bcd4ee9909d396b04ad918fff7e140bd854eeb28,Idempotency,"Como o fix se trata de corrigir um não-determinismo, vou categorizar como ""idempotency""",Idempotency,Reversão de um commit que removeu uma variável global e acabou ocasionando não determinismo,Idempotency,,,Idempotency,IDEM_DEFECT,Idempotency,Idempotency,Idempotency
48a1189077d2edd5d9be04eb49f52093f9bc3e01,https://github.com/pulumi/pulumi-awsx/commit/48a1189077d2edd5d9be04eb49f52093f9bc3e01,Configuration Data,"As alterações adicionam testes para, ao meu ver, mitigar possíveis falhas de implementação ou execução.",Idempotency,commit com testes,,,No Defect,No Defect,NO_DEFECT,No Defect,No Defect,No Defect
cb67003e23a1f359fe0a08e83fab38d5bf1276e2,https://github.com/bcgov/nr-bcws-opensearch/commit/cb67003e23a1f359fe0a08e83fab38d5bf1276e2,Dependency,acho que foi Dependency porque o api_id estava incorreto. esse erro trata exatamente de incompatibilidade ou má configuração de artefatos.,Configuration Data Network,erro de configuração que faz parte da infra de rede,,Configuration Data Network,,Configuration Data Network,CD_NETWORK_DEFECT,Configuration Data Network,Configuration Data,Configuration Data
7612276ef1a82971b164712fce8f26f73cac82ef,https://github.com/NASA-IMPACT/nncpp-cumulus-deploy/commit/7612276ef1a82971b164712fce8f26f73cac82ef,Documentation,"Na mensagem de commit, ele diz que alterou as variáveis para ficar consistente com a docs (então havia uma inconsistência doc->código)",Configuration Data Network,Foi adicionada a variável para o endpoint de um serviço a ser utilizado,,,Configuration Data Network,Configuration Data Network,CD_NETWORK_DEFECT,Configuration Data Network,Configuration Data,Configuration Data
af83c4d7ec0d55322f3826b2c14b035871be7ec3,https://github.com/2lambda123/checkov/commit/af83c4d7ec0d55322f3826b2c14b035871be7ec3,Service Resource,"commit fala de limits, mas implementa requests. além disso, o arquivo se chama CPULimits.py, mas a classe implementada é CPURequests",Service Resource,"Foram adicionados limites de CPU que não existiam antes, o erro deve ter sido causado por esse recurso ter sido usado incorretamente no serviço.",,,No Defect,No Defect,NO_DEFECT,No Defect,No Defect,No Defect
0371b61b0407893cbe456edabe56fab200f3066f,https://github.com/kharatramesh/cicdtoeks/commit/0371b61b0407893cbe456edabe56fab200f3066f,Dependency,"Foi necessário o bump de versão da dependencia pac-resolver, acompanhado de um bump da versão do node",Dependency,Aumenta a versão do Nodejs na esteira e versão da biblioteca pac-resolver,Dependency,,,Dependency,DEP_DEFECT,Dependency,Dependency,Dependency
8f6fd48bf45aba59055e34303d0b456cf437c833,https://github.com/mitodl/ol-infrastructure/commit/8f6fd48bf45aba59055e34303d0b456cf437c833,Configuration Data Network,Abstração para criar um gateway Traefik. Mas secundariamente traz refatoração para configuração de iam roles para uso por exemplo no provisionamento de EBSs,Configuration Data Credential,"O commit trás muitas mudanças, a maior delas é um novo componente que gerenciar os recursos k8s. E logo em seguida é alterado o jeito que as policies são gerenciadas para utilizar esse novo componente",,Configuration Data Network,,Configuration Data Network,CD_NETWORK_DEFECT,Configuration Data Network,Configuration Data,Configuration Data
51361d5e2898d4d79e68cfe0e50f1c691ae17ed8,https://github.com/mitodl/ol-infrastructure/commit/51361d5e2898d4d79e68cfe0e50f1c691ae17ed8,Configuration Data Storage,,Configuration Data Storage,O código e a mensagem se referem a configuração do tamanho do armazenamento para disco.,Configuration Data Storage,,,Configuration Data Storage,CD_STORAGE_DEFECT,Configuration Data Storage,Configuration Data,Configuration Data
506330296e685305b9eaae5450bf616413b4ebb7,https://github.com/beautse/serverless-patterns-small-copy/commit/506330296e685305b9eaae5450bf616413b4ebb7,Documentation,"O commit essencialmente faz alterações no README do projeto, adicionando e ajustando as instruções necessárias.",Documentation,"Foi escolhido Documentation pois quase todas as mudanças foram atualizações no README. No entanto, também tem uma atualização de dependência e, mais relevante ainda, uma atualização de credencial. Então também poderia se encaixar as categorias Dependency e, principalmente, Configuration Data Credential.",,,No Defect,No Defect,NO_DEFECT,No Defect,No Defect,No Defect
1b64b779a8d5cf651d962176c12f8ac1f6e9fe9e,https://github.com/mitodl/ol-infrastructure/commit/1b64b779a8d5cf651d962176c12f8ac1f6e9fe9e,Configuration Data Credential,"Há a alteração e adição de dados de configuração, especialmente credenciais (certificados, chaves, tokens, entre outros). No entanto, a categoria Security também se mostra adequada por haver a manipulação de dados dessa natureza.",Security,"Fiquei um pouco em dúvida, o commit faz 2 coisas: cria um novo recurso e atualiza os secrets utilizados nesse recurso. Por se tratar desse tipo de dado coloquei Security, mas não tive muita convicção.",,Security,,Security,SECURITY_DEFECT,Security,Security,Security
fe70605ed9c06b2efd8675da5567d1dd2362986c,https://github.com/mitodl/ol-infrastructure/commit/fe70605ed9c06b2efd8675da5567d1dd2362986c,Syntax,,Syntax,Tudo que ele fez foi colocar as aspas no arquivo de métricas que são chamadas que antes estavam hard-coded na main,Syntax,,,Syntax,SYNTAX_DEFECT,Syntax,Syntax,Syntax
698799eab4a41d99e38753f6e9170eebf54a07a1,https://github.com/mitodl/ol-infrastructure/commit/698799eab4a41d99e38753f6e9170eebf54a07a1,Dependency,"Parece melhorar a configuração da dependencia com o scraper de telemetria para os nós, o vector. Mas faz diversos outros ajustes como carregamento de configuração de regiao da aws correções em iam policies e correções no CI",Configuration Data Network,"Parece ser ajustes em como os logs/métricas estão sendo exportados, várias config de vpc e até a mudança de policy deve ter sido para conseguir exportar os dados.",,,Configuration Data Network,Configuration Data Network,CD_NETWORK_DEFECT,Configuration Data Network,Configuration Data,Configuration Data
5475a129d25740df814250cd2cf42c10e368eaaf,https://github.com/MichaelGFagan/stepfunctions_example/commit/5475a129d25740df814250cd2cf42c10e368eaaf,Configuration Data Network,"Existe uma configuração do arquivo json que é corrigida, além de um atributo no campo de vpc_subnets durante a criação do auto scaling group",Syntax,Aparentemente houve mudanças no contrato da API do provider da VPC e o commit resolve esse problema,,,Configuration Data Network,Configuration Data Network,CD_NETWORK_DEFECT,Configuration Data Network,Configuration Data,Configuration Data
86103c65469e9009934b5a31ac04ee3f88e3bd17,https://github.com/rohankumardubey/kubernetes-operator/commit/86103c65469e9009934b5a31ac04ee3f88e3bd17,Documentation,se tem breaking change devia ser uma major release (2.0.0 ao invés de 1.4.0),Dependency,Únicas mudanças relevantes parecem ser relacionadas a versionamento. O CHANGELOG.md também evidencia isso.,,,Documentation,Documentation,DOC_DEFECT,Documentation,Documentation,Documentation
ea535a275570928b9546197eb8a2aa0e13e4b571,https://github.com/mitodl/ol-infrastructure/commit/ea535a275570928b9546197eb8a2aa0e13e4b571,Configuration Data Network,O healthcheck da API não estava sendo feito no endpoint correto.,Configuration Data Network,Foi modificado o endpoint do health check do ambiente,Configuration Data Network,,,Configuration Data Network,CD_NETWORK_DEFECT,Configuration Data Network,Configuration Data,Configuration Data
7348bc0177c2a4074a224aa8b9839018fe924e4a,https://github.com/pulumi/pulumi-awsx/commit/7348bc0177c2a4074a224aa8b9839018fe924e4a,Configuration Data Network,muita dúvida nesse. escolhi o configuration data network pois o código mostra uma relação com redes e loadbalancer. talvez Service Resource fosse uma opção também.,Service Resource,provisionamento e configuração do tempo de criação do serviço ECS,,,Configuration Data Network,Configuration Data Network,CD_NETWORK_DEFECT,Configuration Data Network,Configuration Data,Configuration Data
9464f26dacdf4d7af4d61eabda1fd7dea141e855,https://github.com/tacoinfra/teztnets/commit/9464f26dacdf4d7af4d61eabda1fd7dea141e855,Dependency,"De maneira geral, as alterações adicionam e atualizam dependências.",Dependency,,Dependency,,,Dependency,DEP_DEFECT,Dependency,Dependency,Dependency
f573c71387c1dbaea25bc3dc83a656e1f7a6092a,https://github.com/hashicorp/terraform-cdk/commit/f573c71387c1dbaea25bc3dc83a656e1f7a6092a,Documentation,"Por se tratar de um arquivo de sample de providers, vou considerar como ""Documentation"", consigo ver tambem talvez um configurarion, ja que no commit ele alterar uns valores apenas",Syntax,"O commit altera uma variável para um ponteiro. Eu acredito que nesse contexto, o a linguagem exija o ponteiro, por isso o erro é de syntax.Eu também poderia ter colocado 'Documentation' aqui, mas o principal é a mudança para o uso de ponteiros.",,Documentation,,Documentation,DOC_DEFECT,Documentation,Documentation,Documentation
0420d1bcd31766b7c6696d33f6fb3d9e15e2348d,https://github.com/pulumi/pulumi-aws/commit/0420d1bcd31766b7c6696d33f6fb3d9e15e2348d,Service Resource,Escolhi essa categoria por estar sendo mudado o tipo nos parâmetros do bucket S3; capaz da configuração anterior estar causando falhas no deploy do bucket,Service Resource,Adequa código para uso do pulumi com terraform,,,No Defect,No Defect,NO_DEFECT,No Defect,No Defect,No Defect
eb1445f057daca7472517ecd176dec8903dff87a,https://github.com/pulumi/pulumi-gcp/commit/eb1445f057daca7472517ecd176dec8903dff87a,Configuration Data File System,,Configuration Data,,,Configuration Data File System,,Configuration Data File System,BUGGY_COMMIT,No Defect,Configuration Data,No Defect
d65b434ac2dd95d9b7b9fb356e3a4642060bcc0a,https://github.com/mitodl/ol-infrastructure/commit/d65b434ac2dd95d9b7b9fb356e3a4642060bcc0a,No Defect,Remoção de código morto,No Defect,,No Defect,,,No Defect,CONFIG_DATA_DEFECT,Configuration Data,No Defect,Configuration Data
2cc7dcfa522d32fea8b02ac122a9567a332c18f0,https://github.com/shapeshift/unchained/commit/2cc7dcfa522d32fea8b02ac122a9567a332c18f0,Configuration Data Credential,Reverte um commit que removeu configurações de um domínio root,Security,Adiciona variável de ambiente,,,Configuration Data Credential,Configuration Data Credential,CONFIG_DATA_DEFECT,Configuration Data,Configuration Data,Configuration Data
5d53ae97c9a66737ae1e2610104a5d345a1559a2,https://github.com/pulumi/pulumi-yaml/commit/5d53ae97c9a66737ae1e2610104a5d345a1559a2,Documentation,"Por se tratar de um commit de corrigir README e adicionar exemplos, vou categorizar como documentação.",No Defect,"O commit não possui a correção de um erro, apenas um refatoramento do código(para seguir o padrão estabelecido), sobretudo criando um arquivo de configuração mais genérico para especificação de ferramentas e versões utilizadas",,,No Defect,No Defect,CD_NETWORK_DEFECT,Configuration Data Network,No Defect,Configuration Data
643f6e61843d9cd8845542129e9ad639abd42979,https://github.com/rohankumardubey/kubernetes-operator/commit/643f6e61843d9cd8845542129e9ad639abd42979,Documentation,Alteração num comentário de código.,Documentation,,Documentation,,,Documentation,DOC_DEFECT,Documentation,Documentation,Documentation
e2dc6dd43ee9744b0ca420911a7731306c85b823,https://github.com/mitodl/ol-infrastructure/commit/e2dc6dd43ee9744b0ca420911a7731306c85b823,Syntax,escolhi essa categoria devido ao texto do commit. mas a categoria de Security poderia também ser selecionada já que neste commit o usuário insere algumas credenciais.,Configuration Data File System,configuração de caminhos e arquivos,,,Configuration Data,Configuration Data,CONFIG_DATA_DEFECT,Configuration Data,Configuration Data,Configuration Data
f5f7ed9dddb025a9df10563e19236ae6968acf08,https://github.com/ovh/public-cloud-examples/commit/f5f7ed9dddb025a9df10563e19236ae6968acf08,No Defect,Apenas adicionando mais variáveis ao módulo,Service Resource,Foi adicionado a infraestrutura necessária para um módulo do ambiente,,,Service Resource,Service Resource,SERVICE_RESOURCE_DEFECT,Service Resource,Service,Service
08caca6592779bf64803bcbc65735da4578103de,https://github.com/hashicorp/terraform-cdk/commit/08caca6592779bf64803bcbc65735da4578103de,No Defect,"o commit apenas conserta uma doc de exemploe que, por sinal, é exatamente igual a da HCP",Documentation,Dado os arquivos mudados e a messagem de commit parece ser só a adição de um projeto exemplo e documentação apropriada,,Documentation,,Documentation,DOC_DEFECT,Documentation,Documentation,Documentation
2dcffba5f5ef8509499cf977849be66233346d2e,https://github.com/ovh/public-cloud-examples/commit/2dcffba5f5ef8509499cf977849be66233346d2e,Configuration Data Credential,Mudou a forma de se conectar ao S3 para usar chaves de acesso ao inves de uma role,Configuration Data Credential,A implementação original necessariamente precisava criar os resources user + credential de admin que posteriormente seria usado para extrair as credenciais S3. O Fix torna possível passar credenciais previamente existentes através de variáveis,Configuration Data Credential,,,Configuration Data Credential,CD_CREDENTIAL_DEFECT,Configuration Data Credential,Configuration Data,Configuration Data
3552eaea5ee128e070a04190979ac5d7b484ec8b,https://github.com/2lambda123/dotcom-rendering/commit/3552eaea5ee128e070a04190979ac5d7b484ec8b,Conditional,Apenas ajusta a quantidade de retries do CI para 3,No Defect,Eu coloquei que não há defeito porque não há mudança na IaC e sim na quantidade de retries do CI. Poderia ser um Configuration Data mas eu considero que CI não faz parte da IaC.,,,No Defect,No Defect,NO_DEFECT,No Defect,No Defect,No Defect
e185fa4e9b1f4710ff9502960b2fe07579174db9,https://github.com/mitodl/ol-infrastructure/commit/e185fa4e9b1f4710ff9502960b2fe07579174db9,Configuration Data Credential,,Configuration Data Credential,"Ele tá adicionando o campo de usuário root, provavelmente pra conseguir executar em sudo.",Configuration Data Credential,,,Configuration Data Credential,CD_FILE_SYSTEM_DEFECT,Configuration Data File System,Configuration Data,Configuration Data
4b15c4646bfe8e9844fb29ebdc68818bbb201a48,https://github.com/mynameisakash/aws-cdk-examples/commit/4b15c4646bfe8e9844fb29ebdc68818bbb201a48,Idempotency,"Há a adição de um método que restringe a criação do ambiente depois da criação da aplicação, o que assegura determinismo quanto à ordem de execução dessas etapas.",Configuration Data,"O commit adiciona um dependsOn para garantir a ordem correta da criação de recursos. Acredito que de certa forma também pode ser considerado Idempotency, depende de como a ferramenta de IaC cria os recursos.",,,No Defect,No Defect,NO_DEFECT,No Defect,No Defect,No Defect
ea9961df26ed7e9d8ae2f248875f5e0c09469641,https://github.com/hashicorp/terraform-cdk/commit/ea9961df26ed7e9d8ae2f248875f5e0c09469641,Security,"O commit remove dados secretos que estavam expostos, o que se configurava como uma falha de segurança.",Security,O commit remove secrets que estavam expostos.,Security,,,Security,SECURITY_DEFECT,Security,Security,Security
0f7e0a80ce28ee62ec7230a90f3e6ee57046cfa4,https://github.com/mitodl/ol-infrastructure/commit/0f7e0a80ce28ee62ec7230a90f3e6ee57046cfa4,Service Resource,,Configuration Data Network,Trocou a forma como ocorre a junção automatica a uma WAN,,,Configuration Data Network,Configuration Data Network,CD_NETWORK_DEFECT,Configuration Data Network,Configuration Data,Configuration Data
cee1b30330031c2166f6337f9fb717ed74d8e314,https://github.com/MichaelGFagan/stepfunctions_example/commit/cee1b30330031c2166f6337f9fb717ed74d8e314,Service Resource,Altera o tipo de loadbalancer de NLB para ALB. Layer 3 para Layer 7.,Service Resource,Mudando o tipo de recurso alocado.,Service Resource,,,Service Resource,SERVICE_RESOURCE_DEFECT,Service Resource,Service,Service
4f82a995f6c99fe65684f997b125fe1f2f535ffd,https://github.com/mitodl/ol-infrastructure/commit/4f82a995f6c99fe65684f997b125fe1f2f535ffd,Configuration Data,"A não configuração de uma politica de acesso impediu que o uso do ElasticSearch. Pensei em colocar Security também, mas não tive certeza se era alguma falha de segurança",Configuration Data,"Na dúvida se seria na categoria Security. O commit ""resolve"" erros de conexão declarando explícitamente a porta do serviço para 443 e pula a verificação de SSL",Configuration Data,,,Configuration Data,CD_CREDENTIAL_DEFECT,Configuration Data Credential,Configuration Data,Configuration Data
9340a4d8927fbe2e3f126661daa1f94cfe382a5e,https://github.com/pulumi/pulumi-awsx/commit/9340a4d8927fbe2e3f126661daa1f94cfe382a5e,Security,"estado do tf exposto no github. no contexto do repositório (de exemplo), não parece ser um problema, mas em cenários reais, é um problema de segurança crítico",Configuration Data,"Não consegui entender a fundo, mas parece ser um erro em que um teste não poderia ser executado por falta da declaração de um recurso, assim escolhi Configuration Data",,,No Defect,No Defect,NO_DEFECT,No Defect,No Defect,No Defect
2d803a9b97c5dd4102b4f4041087b15d7d5f06d2,https://github.com/fujimaru707/AWS/commit/2d803a9b97c5dd4102b4f4041087b15d7d5f06d2,Documentation,Corrigindo erros ortográficos na docs,Syntax,Foram corrigidos nomes de variáveis que estavam escritas de forma errada,,,Syntax,Syntax,SYNTAX_DEFECT,Syntax,Syntax,Syntax
4e2a308c86798b6285c7bf5da88dd8cc316c11a8,https://github.com/pulumi/pulumi-awsx/commit/4e2a308c86798b6285c7bf5da88dd8cc316c11a8,Dependency,bem difícil...o commit realmente é um teste e possui várias configurações. escolhi Dependency porque em um momento ele altera a versão e nome de algumas dependencias.,Documentation,adição de documentação e exemplos de uso,,,No Defect,No Defect,NO_DEFECT,No Defect,No Defect,No Defect
f5729169bb18f9ab4847b8b30c3292b444ceba2b,https://github.com/mitodl/ol-infrastructure/commit/f5729169bb18f9ab4847b8b30c3292b444ceba2b,Configuration Data Credential,"Em sua maioria, esse commit configura arquivos de credenciais dos serviços.",Configuration Data,commit grande,,Configuration Data,,Configuration Data,CONFIG_DATA_DEFECT,Configuration Data,Configuration Data,Configuration Data
e37f5561b71661d90ea465b551f3042b2fb27e15,https://github.com/pulumi/pulumi-cloud/commit/e37f5561b71661d90ea465b551f3042b2fb27e15,Service Resource,"Não sei se seria essa categoria, mas coloquei ela pois a descrição da categoria fala de erro de deploy, no caso o commit esta adicionando um novo recurso que antes nao estava disponível, assim como nao existia o recurso daria erro de deploy nesse contexto.",Service Resource,"Como o problema aqui foi a configuração da memória que a função lambda possui, eu fiquei com dúvida entre a caderia Service Resource e Configuration Data Storage, mas acredito que se trata mais de um a questão de serviço em si não de armazenamento",Service Resource,,,Service Resource,CONFIG_DATA_DEFECT,Configuration Data,Service,Configuration Data
b10987c494ad144859f884c36ce5a0a142bcf733,https://github.com/bcgov/nr-bcws-opensearch/commit/b10987c494ad144859f884c36ce5a0a142bcf733,Configuration Data Credential,,Security,Corrige configuração de política de segurança da AWS,,,Configuration Data Credential,Configuration Data Credential,CD_CREDENTIAL_DEFECT,Configuration Data Credential,Configuration Data,Configuration Data
47ff5624f666715850b97b340f32c435dd503907,https://github.com/mitodl/ol-infrastructure/commit/47ff5624f666715850b97b340f32c435dd503907,Configuration Data Storage,,Configuration Data Credential,,,,Configuration Data Credential,Configuration Data Credential,CD_CREDENTIAL_DEFECT,Configuration Data Credential,Configuration Data,Configuration Data
e1d16954fe6efeb992c679871b280da17a44e554,https://github.com/mitodl/ol-infrastructure/commit/e1d16954fe6efeb992c679871b280da17a44e554,No Defect,,Configuration Data Credential,,,,Configuration Data Credential,Configuration Data Credential,CD_NETWORK_DEFECT,Configuration Data Network,Configuration Data,Configuration Data
9ee738f009ab26daf9c4205b53b097ff6fab8368,https://github.com/RKemvou/class_project1/commit/9ee738f009ab26daf9c4205b53b097ff6fab8368,Syntax,São feitas muitas mudanças num commit só,Dependency,Realiza a alteração de uma dependencia para uma nova versão e readequa o código para ficar compatível com o novo código,,,Syntax,Syntax,SYNTAX_DEFECT,Syntax,Syntax,Syntax
5b554ca750ac5988263543b65ec415ea8581efc0,https://github.com/mitodl/ol-infrastructure/commit/5b554ca750ac5988263543b65ec415ea8581efc0,Conditional,"Esse commit é meio estranho ele faz muita coisa, mas acho que o mais salta aos olhos é a condição para ver o estado de ""production"", mas tambem poderia levar em consideração configuração ja que boa parte das mudanças sao apenas valores de variaveis",No Defect,"O commit não perece corrigir nenhum erro, apenas adicionar melhorias e adicionar nomes mais semânticos para as variáveis",,,Conditional,Conditional,CONDITIONAL_DEFECT,Conditional,Conditional,Conditional
24762e34396d243f6cf5add5c3fc7343459c8a3f,https://github.com/balancer-labs/balancer-api/commit/24762e34396d243f6cf5add5c3fc7343459c8a3f,Service Resource,As alterações parecem adicionar lógica para testar conexão com o serviço.,Configuration Data,,,,Service Resource,Service Resource,SERVICE_RESOURCE_DEFECT,Service Resource,Service,Service
d4d9d93ed8279a41f95a0f0cef537b7b605bcef7,https://github.com/mitodl/ol-infrastructure/commit/d4d9d93ed8279a41f95a0f0cef537b7b605bcef7,Configuration Data,escolhi essa categoria porque parece que o autor do código está configurando algumas rotas.,Security,controle de acesso e segurança de autenticação,,,Security,Security,SECURITY_DEFECT,Security,Security,Security
dc0affc60528146a2b36d5234d717c826f30dae2,https://github.com/pulumi/examples/commit/dc0affc60528146a2b36d5234d717c826f30dae2,Idempotency,"Tratamento de erro, quando houver",Conditional,"Foi adicionado um catch ao código, possivelmente para debug",,,Conditional,Conditional,CONDITIONAL_DEFECT,Conditional,Conditional,Conditional
25400158d35c61b2a5cdf2ecc7b3abdaba118301,https://github.com/mitodl/ol-infrastructure/commit/25400158d35c61b2a5cdf2ecc7b3abdaba118301,Documentation,o commit faz muito mais coisas do que a mensagem informa,Configuration Data Credential,"O bug corrigido parece ser relacionado a permissões da vault policy, porém existem outras mudanças no commit, como validações, o abre margem para classificar como Security também",,,Configuration Data Credential,Configuration Data Credential,CD_CREDENTIAL_DEFECT,Configuration Data Credential,Configuration Data,Configuration Data
9a2c0436152f37b139d426fb0638c6c06640186d,https://github.com/mitodl/ol-infrastructure/commit/9a2c0436152f37b139d426fb0638c6c06640186d,Configuration Data Network,Falha de comunicação com o mitopen devido a uma URL errada,Configuration Data,Atualiza a baseurl da aplicação e o endpoint de autenticação do serviço Keycloack,,,Configuration Data,Configuration Data,CD_NETWORK_DEFECT,Configuration Data Network,Configuration Data,Configuration Data
ecd64756a8e80b3c9e06e0916e12225daa2df3c7,https://github.com/aws-samples/appmod-blueprints/commit/ecd64756a8e80b3c9e06e0916e12225daa2df3c7,No Defect,Reorganização de código iac aparentemente,Configuration Data,Atulizando o caminho para o crossplay e adicionando permissões (provavelmente para acessar o novo provider),,,No Defect,No Defect,SERVICE_RESOURCE_DEFECT,Service Resource,No Defect,Service
52ba8f9695599593743640b073c0b4c380624e99,https://github.com/DerekFournier/cdk-eks-quickstart-python/commit/52ba8f9695599593743640b073c0b4c380624e99,Dependency,"O comentário é que é um typo, mas afirma em seguida ""the dependency should be for a different SA"". Assumo que o typo deve compilar e importar uma dependencia diferente da esperada",Syntax,"Nome de conta errado, pensei em pôr na categoria de configuração, mas a própria pessoa diz que digitou errado - e não parece algo que chega ao nível de erro de credencial tb",,,Dependency,Dependency,DEP_DEFECT,Dependency,Dependency,Dependency
cb41a081faf9b429c712cacd7ad26ac080faeed1,https://github.com/siderolabs/contrib/commit/cb41a081faf9b429c712cacd7ad26ac080faeed1,Configuration Data,O commit conserta a referência para a configuração da máquina correta.,Configuration Data,O commit corrige um erro referente a qual arquivo de configuração deveria ser utilizado na criação de um recurso.,Configuration Data,,,Configuration Data,CONFIG_DATA_DEFECT,Configuration Data,Configuration Data,Configuration Data
3b4c6fc25597e4f57982df4fd75f2232f07e2768,https://github.com/DerekFournier/cdk-eks-quickstart-python/commit/3b4c6fc25597e4f57982df4fd75f2232f07e2768,Syntax,O commit ajusta a indentação de um trecho de código que estava lançando exceção.,No Defect,O commit apenas move uma parte do código pra outro local e refatora uma lógica de security group.,,,No Defect,No Defect,DOC_DEFECT,Documentation,No Defect,Documentation
0042fb9d22a6649eb475d7ef6a16e534afcf7e1e,https://github.com/mitodl/ol-infrastructure/commit/0042fb9d22a6649eb475d7ef6a16e534afcf7e1e,Conditional,,Dependency,Consertando erro de dependência circular,,,Dependency,Dependency,DEP_DEFECT,Dependency,Dependency,Dependency
2f4b88e93711910f786e67aad6425f291ccd4c8a,https://github.com/2lambda123/checkov/commit/2f4b88e93711910f786e67aad6425f291ccd4c8a,Security,Restringe o uso de politica de segurança muito abrangente,Conditional,Melhorou a forma como as condicionais funcionam para abranger melhor os action/resources.,,,Security,Security,SERVICE_PANIC_DEFECT,Service Panic,Security,Service
b965c5f6835d78e27ae1c92ee191fe3132e26300,https://github.com/aws-samples/appmod-blueprints/commit/b965c5f6835d78e27ae1c92ee191fe3132e26300,Service Resource,"Parece estar mudando qual o tipo de recurso vai usar, mas não entendi bem",Configuration Data,"Resolve múltiplos problemas no provider de serviços na AWS com Crossplane, incluindo EKS, APIGateway, IAM etc..",,,Service Resource,Service Resource,SERVICE_RESOURCE_DEFECT,Service Resource,Service,Service
725c867a181ab85241f37fc3e989a1aedc1ccd83,https://github.com/shapeshift/unchained/commit/725c867a181ab85241f37fc3e989a1aedc1ccd83,Syntax,parâmetro --http-host= sem valor,Configuration Data Network,"Correção da configuração de portas e hosts, por isso minha escolha",,,Configuration Data Network,Configuration Data Network,CONFIG_DATA_DEFECT,Configuration Data,Configuration Data,Configuration Data
41d0860c2c71e4a67189e56f745d2f312502612d,https://github.com/pulumi/pulumi-gcp/commit/41d0860c2c71e4a67189e56f745d2f312502612d,No Defect,Aparenta ser só um refactoring,Dependency,Não consegui identificar a melhor categoria tendo em vista que é feita uma mudança de contexto no objetivo do código,,,Dependency,Dependency,DEP_DEFECT,Dependency,Dependency,Dependency
b7dd62be2cbc5c437e8e0ffcb45c8bddcb3835b1,https://github.com/pulumi/pulumi-aws/commit/b7dd62be2cbc5c437e8e0ffcb45c8bddcb3835b1,No Defect,"diria que configuration data, mas achei poucas modificações pra conseguir definir uma categoria.",Idempotency,garantia de execução sem variações inesperadas,,,No Defect,No Defect,SERVICE_PANIC_DEFECT,Service Panic,No Defect,Service
20aa5505769458d6925888f0b578d714f8884eb9,https://github.com/tacoinfra/teztnets/commit/20aa5505769458d6925888f0b578d714f8884eb9,Documentation,Alteração em comentários.,Documentation,,Documentation,,,Documentation,DOC_DEFECT,Documentation,Documentation,Documentation
c02aaf118c5f6f777f7b0c565ec4ac378ad0a509,https://github.com/aws-solutions/aws-instance-scheduler/commit/c02aaf118c5f6f777f7b0c565ec4ac378ad0a509,Configuration Data,É um patch enorme que a maioria das coisas é mudança de valores e versões ,Dependency,Basicamente a versão de várias ferramentas foi ajustada,,,No Defect,No Defect,NO_DEFECT,No Defect,No Defect,No Defect
51466fe8af33a95ab16aa5a8c508ba3be089c41c,https://github.com/beautse/serverless-patterns-small-copy/commit/51466fe8af33a95ab16aa5a8c508ba3be089c41c,Dependency,,Documentation,"A maior parte da alteração é documentação, mas há uma alteração que poderia ser possível de classificar como Configuration Data",,,Documentation,Documentation,BUGGY_COMMIT,No Defect,Documentation,No Defect
6183e8376d12644d30151227ed19f35d1b2433b3,https://github.com/adityamillind98/checkov/commit/6183e8376d12644d30151227ed19f35d1b2433b3,Idempotency,,Idempotency,,Idempotency,,,Idempotency,IDEM_DEFECT,Idempotency,Idempotency,Idempotency
1ce18ea7eb08d974be4838d5fdfb63d20782de16,https://github.com/mitodl/ol-infrastructure/commit/1ce18ea7eb08d974be4838d5fdfb63d20782de16,No Defect,,Configuration Data,,,,Configuration Data,Configuration Data,CONFIG_DATA_DEFECT,Configuration Data,Configuration Data,Configuration Data
e3759dcd576de9c8bded56e0edaa0c0874830247,https://github.com/bcgov/nr-bcws-opensearch/commit/e3759dcd576de9c8bded56e0edaa0c0874830247,Syntax,,Syntax,Correções de sintaxe,Syntax,,,Syntax,SYNTAX_DEFECT,Syntax,Syntax,Syntax
4d7e7fc35ca802f8be2c75f9d247d0a273b76048,https://github.com/mitodl/ol-infrastructure/commit/4d7e7fc35ca802f8be2c75f9d247d0a273b76048,No Defect,"Acho que talvez esse poderia der um ""configurarion data"" mas como ele nao corrige nenhum defeito apenas tira coisas desnecessárias do codigo.",No Defect,"Apenas um trecho de código foi removido, aparentemente não haviam defeitos",No Defect,,,No Defect,CD_NETWORK_DEFECT,Configuration Data Network,No Defect,Configuration Data
9d9091d4e94e17c74c728451da74260b43e59832,https://github.com/mitodl/ol-infrastructure/commit/9d9091d4e94e17c74c728451da74260b43e59832,Dependency,Mudança de versão.,Dependency,,,,No Defect,No Defect,NO_DEFECT,No Defect,No Defect,No Defect
81e610abe808ccc3052bd727a51c6fe4e23351c0,https://github.com/mitodl/ol-infrastructure/commit/81e610abe808ccc3052bd727a51c6fe4e23351c0,Configuration Data,modifica dados de configuração,Configuration Data Network,"configuração, especificação e ajuste de parâmetros",,,Configuration Data,Configuration Data,CD_NETWORK_DEFECT,Configuration Data Network,Configuration Data,Configuration Data
7ff277a8785328687efb378c2c648b67d852c4ce,https://github.com/pulumi/pulumi-cloud/commit/7ff277a8785328687efb378c2c648b67d852c4ce,No Defect,Refactoring para uma versão mais recente do TS,Conditional,Foram modificadas estruturas de condição no código além de variáveis a semem testadas nessas estruturas,,,Conditional,Conditional,CONDITIONAL_DEFECT,Conditional,Conditional,Conditional
874d248d71158bda6c3b06d7b080d6a39c550a32,https://github.com/nroldanf/LokaFold-AWSBatch/commit/874d248d71158bda6c3b06d7b080d6a39c550a32,No Defect,"o commit só remove código morto, pina as versões do requirements e substitui os prints por logs",Dependency,"O requirements foi mudado para ter as versões específicas que devem ser usadas, o que geralmente é fonte de bugs quando o serviço tenta baixar latest em vez de algo específico, por isso minha escolha",,,Dependency,Dependency,DEP_DEFECT,Dependency,Dependency,Dependency
5137f17f3fc174c54d9c4d901a3c53692ee751d0,https://github.com/mitodl/ol-infrastructure/commit/5137f17f3fc174c54d9c4d901a3c53692ee751d0,No Defect,Parece apenas estar criando novos recursos e fazendo alguns refactors,No Defect,"O objetivo original do commit é implementar feature de monitoramento com cloudwatch, no entanto ele realiza um fix no nome do log, imagino que isso não seja suficiente para enquadrar em outra categoria diferente de No Defect",No Defect,,,No Defect,SERVICE_RESOURCE_DEFECT,Service Resource,No Defect,Service
15b174657ded9b87454e388bd234795c430d0c7a,https://github.com/aws-amplify/amplify-ci-support/commit/15b174657ded9b87454e388bd234795c430d0c7a,No Defect,Reorganização de código iac aparentemente,No Defect,Mudança da formatação. Suponho que não se encaixe como problema de doc então coloquei no defect.,No Defect,,,No Defect,SYNTAX_DEFECT,Syntax,No Defect,Syntax
77c466fdea071563c1a276ce8d362c2b7ccc591a,https://github.com/pulumi/templates/commit/77c466fdea071563c1a276ce8d362c2b7ccc591a,Syntax,,Dependency,Considerando a quantidade de imports que precisaram ser feitos para corrigir o build.,,,Dependency,Dependency,SERVICE_PANIC_DEFECT,Service Panic,Dependency,Service
98ddb9872ee512c99c1b69bc270c6a824fc538f9,https://github.com/aws-solutions/aws-instance-scheduler/commit/98ddb9872ee512c99c1b69bc270c6a824fc538f9,Service Panic,"O commit conserta erros relacionados à execução e disponibilidade dos serviços, dados certos cenários (escalonamento, gerenciamento de banco de dados, entre outros).",Configuration Data,"É um commit gigante que poderia se encaixar em diversas categorias. Mas acredito que Configuration Data se encaixa melhor no cenário, dado que vários dos arquivos modificados tiveram mudanças referentes a configurações de recursos.",,,Configuration Data,Configuration Data,DEP_DEFECT,Dependency,Configuration Data,Dependency
550d0cc927df1a62d69acdb184576ec3a583e5f8,https://github.com/hashicorp/terraform-cdk/commit/550d0cc927df1a62d69acdb184576ec3a583e5f8,Dependency,Há alterações no formato dos imports utilizados pelo código.,Configuration Data Storage,"O commit atualiza a forma de criar buckets S3, utilizando uma outra lib. De certa forma também pode ser entendida como Service Resource, já que tá criando um recurso S3, mas acho que o outro pode encaixar melhor.",,,Dependency,Dependency,DEP_DEFECT,Dependency,Dependency,Dependency
466d84b5693747894a582424030ba3231b7fab89,https://github.com/bcgov/nr-bcws-opensearch/commit/466d84b5693747894a582424030ba3231b7fab89,Security,"meio que syntax também, mas dado que está adicionando camada de segurança vou marcar security como categoria",Security,"Eu fiquei entre Security e Configuration Data Credential, mas pelo fato que ele adiciona uma política de autorização que antes era deliberadamente NONE, acho que faz mais sentido ser security",Security,,,Security,CD_NETWORK_DEFECT,Configuration Data Network,Security,Configuration Data
328158b7d8202c04d95adb209f67f8d376218640,https://github.com/mitodl/ol-infrastructure/commit/328158b7d8202c04d95adb209f67f8d376218640,Syntax,Corrige problemas de formatação e configuração erradas por strings com parse errado,Syntax,String com aspas erradas.,Syntax,,,Syntax,BUGGY_COMMIT,No Defect,Syntax,No Defect
9e00c4192170771ddcfdede3ac8f5c5be27cb522,https://github.com/mitodl/ol-infrastructure/commit/9e00c4192170771ddcfdede3ac8f5c5be27cb522,Configuration Data,"Pensei em colocar Security, mas pela mensagem do commit, está apenas removendo um parâmetro que não era usado",Syntax,"Como já está definido a configuração através do protocolo rediss, não é necessário o argumento ""ssl=true&"" na URI",,,Configuration Data,Configuration Data,CD_NETWORK_DEFECT,Configuration Data Network,Configuration Data,Configuration Data
f469f0cc078bbd617fc676506ab47c2840acd82d,https://github.com/mitodl/ol-infrastructure/commit/f469f0cc078bbd617fc676506ab47c2840acd82d,No Defect,"o commit envolve uma mudança brusca, mas que não aparenta ter nenhum erro. teria que checar os novos componentes importados",Service Resource,"Fiquei com dúvida se seria um erro de sintaxe, mas não entendo ao certo se foi só uma troca de componentes ou o anterior estava implementado com a sintaxe errada",,,Service Resource,Service Resource,SERVICE_RESOURCE_DEFECT,Service Resource,Service,Service
cdac6d7976ba574f04e866c2562c48d36a281c3b,https://github.com/DerekFournier/cdk-eks-quickstart-python/commit/cdac6d7976ba574f04e866c2562c48d36a281c3b,Syntax,Typo nas variáveis,Syntax,Foram corrigidos nomes de variáveis que estavam escritas de forma errada,Syntax,,,Syntax,SYNTAX_DEFECT,Syntax,Syntax,Syntax
976def3faca6418437c095b3d0c5d81d24f99c69,https://github.com/pulumi/pulumi-aws/commit/976def3faca6418437c095b3d0c5d81d24f99c69,Idempotency,"de acordo com a mensagem do commit escolhi essa categoria, mas é válido ressaltar quem o commit possui algumas modificações nas versões de algumas dependencias.",Idempotency,"garantia de execução sem variações inesperadas, evitando race conditions",Idempotency,,,Idempotency,IDEM_DEFECT,Idempotency,Idempotency,Idempotency
b2471ed7b785918435a1176bdd9f6600e274f5e9,https://github.com/shapeshift/unchained/commit/b2471ed7b785918435a1176bdd9f6600e274f5e9,Configuration Data,O commit adiciona um arquivo json de configuração que é utilizado em código.,Configuration Data,,Configuration Data,,,Configuration Data,CONFIG_DATA_DEFECT,Configuration Data,Configuration Data,Configuration Data
b6d9fa9898e9ae2e2054effc8e500a60acf8b4c3,https://github.com/mitodl/ol-infrastructure/commit/b6d9fa9898e9ae2e2054effc8e500a60acf8b4c3,Configuration Data Credential,O commit tenta corrigir erros de autenticação colocando de forma explicita as informações ,Configuration Data Credential,O commit é uma tentativa corrigir um problema de autenticação por meio de uma definição explicita do provedor da AWS,Configuration Data Credential,,,Configuration Data Credential,CD_CREDENTIAL_DEFECT,Configuration Data Credential,Configuration Data,Configuration Data
8b8963398af55a9c580200212a12044d45a3f28e,https://github.com/MichaelGFagan/stepfunctions_example/commit/8b8963398af55a9c580200212a12044d45a3f28e,No Defect,"Fiquei um pouco em dúvida nesse caso, mas acredito que tenha sido uma situação eliminação de ""código morto""",Service Resource,A alteração muda a forma como o cluster é instanciado,,,Service Resource,Service Resource,SERVICE_RESOURCE_DEFECT,Service Resource,Service,Service
cf0c6e46683b8dc9638f12a28fcb444865aede75,https://github.com/MichaelGFagan/stepfunctions_example/commit/cf0c6e46683b8dc9638f12a28fcb444865aede75,No Defect,,Configuration Data Network,,,,Configuration Data Network,Configuration Data Network,CD_CREDENTIAL_DEFECT,Configuration Data Credential,Configuration Data,Configuration Data
ace64b299b455e620ba8fe010cc95456c60bc730,https://github.com/mitodl/ol-infrastructure/commit/ace64b299b455e620ba8fe010cc95456c60bc730,Security,,No Defect,é só uma feature nova,,,No Defect,No Defect,NO_DEFECT,No Defect,No Defect,No Defect
339c5e539b03c32aed03f020d5b118336f9a9524,https://github.com/mitodl/ol-infrastructure/commit/339c5e539b03c32aed03f020d5b118336f9a9524,Dependency,,Configuration Data Storage,"Em dúvida se poderia ser No Defect, já que é uma atualização da versão do Postgres, então entendo que poderia ser os dois",,,No Defect,No Defect,NO_DEFECT,No Defect,No Defect,No Defect
b44278cfc415fb4c1f59b03c6b77dfacd4785102,https://github.com/checkly/pulumi-checkly/commit/b44278cfc415fb4c1f59b03c6b77dfacd4785102,Documentation,"Bom ele diz que corrige os prefixos dos recursos, mas no commit ele so exclui 6 linhas. Fiquei confuso talvez a mensagem do commit devesse der mais precisa",Documentation,A documentação de validações(js e ts) estava com um nome genérico e isso foi removido,Documentation,,,Documentation,DOC_DEFECT,Documentation,Documentation,Documentation
b9292853ba2ec5c3d181a7bafe5136b1b70cb479,https://github.com/bcgov/nr-bcws-opensearch/commit/b9292853ba2ec5c3d181a7bafe5136b1b70cb479,Syntax,"Mudança em sintaxe (espaços em branco, variáveis, etc)",Syntax,,Syntax,,,Syntax,SYNTAX_DEFECT,Syntax,Syntax,Syntax
d1522fa1027446de10daa4c58db54db64e918de7,https://github.com/MichaelGFagan/stepfunctions_example/commit/d1522fa1027446de10daa4c58db54db64e918de7,Dependency,alterações de versões de algumas dependencias.,Configuration Data Storage,configuração de bancos de dados,,,Dependency,Dependency,DEP_DEFECT,Dependency,Dependency,Dependency
65ebe27f12cc6fee6fcc7e02a2a30d55f5f9c91d,https://github.com/fjen53/gitproject/commit/65ebe27f12cc6fee6fcc7e02a2a30d55f5f9c91d,Service Resource,Colocando os resources apropriados para os serviços,Dependency,"Foram alteradas as versões de dependências do ambiente, além do tipo dessas dependências",,,Service Resource,Service Resource,CD_NETWORK_DEFECT,Configuration Data Network,Service,Configuration Data
aa0970f2b5ace59f2df41dd29d2b1f9236652bd6,https://github.com/mitodl/ol-infrastructure/commit/aa0970f2b5ace59f2df41dd29d2b1f9236652bd6,Security,secret sem encode no commit (src/bridge/secrets/alloy),Configuration Data Credential,Escolhi devido a atualização de vários tokens e URLs para configurar o OTEL,,,Configuration Data Credential,Configuration Data Credential,CD_CREDENTIAL_DEFECT,Configuration Data Credential,Configuration Data,Configuration Data
5337e5f8413c101317e307000fd1b2312e9d2b2e,https://github.com/aws-samples/cdk-eks-blueprints-patterns/commit/5337e5f8413c101317e307000fd1b2312e9d2b2e,Dependency,Atualiza uma lib,Syntax,Define novas regras para o Lint e permite executá-las através do Makefile,,,Dependency,Dependency,BUGGY_COMMIT,No Defect,Dependency,No Defect
d2a762b5b44b75bc28c056e78ac68efa555f3e25,https://github.com/mynameisakash/aws-cdk-examples/commit/d2a762b5b44b75bc28c056e78ac68efa555f3e25,Syntax,Corrige o uso das interfaces de biblioteca do cdk para RDS principalmente,No Defect,Apesar da mensagem do commit parecer ter mais coisa os arquivos só são alterados mudando o nome de uma variável em todas as aparições e adicionam o quiet do mvn. Não parece ter mudado nada.,,,No Defect,No Defect,DEP_DEFECT,Dependency,No Defect,Dependency
4e3c67420c605187815dd5d4accad05904a791fd,https://github.com/pulumi/pulumi-awsx/commit/4e3c67420c605187815dd5d4accad05904a791fd,Configuration Data Network,,Configuration Data Network,Configurações de ip pra publico ou privado como default,,,No Defect,No Defect,NO_DEFECT,No Defect,No Defect,No Defect
327a5d19ae578fe338778cfc657b3ad8b651aa7c,https://github.com/Shridharbhandar/CDK-Samples/commit/327a5d19ae578fe338778cfc657b3ad8b651aa7c,Dependency,O commit adiciona uma propriedade ausente que estava provocando falhas na compilação do código.,Service Resource,O commit adiciona uma propriedade que faltava para o EKS e fazia o código não compilar. Acho que também pode ser Configuration Data.,,,Configuration Data,Configuration Data,CD_NETWORK_DEFECT,Configuration Data Network,Configuration Data,Configuration Data
713ceda318ccf45b0029fdfd32115084e1bd0667,https://github.com/pulumi/pulumi-awsx/commit/713ceda318ccf45b0029fdfd32115084e1bd0667,No Defect,"O commit adiciona uma versão específica de imagem, mas não há defeito na versão anterior.",Configuration Data,O commit fixa a versão da AMI que vai ser utilizada na criação de uma EC2.,,,No Defect,No Defect,NO_DEFECT,No Defect,No Defect,No Defect
be7d90e9f73599e113d566df8a2ed7251f13ffe2,https://github.com/pulumi/pulumi-awsx/commit/be7d90e9f73599e113d566df8a2ed7251f13ffe2,Dependency,"tem um pouco de mudaná de syntax e adição/remoção de código devido as mudanças de versão, mas vou considerar que é dependency devido a mudança nas versões das dependências",Configuration Data,"Aparentemente todas as mudanças do commit só dizem respeito a atualização das versões de uma porção de coisas (eu posso ter deixado algo passar nos 147 arquivos mudados) eu não sei se essa mudança configura exatamente a correção de um erro, ou é apenas um update - e também não sei se poderia se encaixar melhor em dependencias, já que muda versão de docker e de uma porção de coisas. Mas acho que pode-se entender que tá mudando configurações ",,Dependency,,Dependency,DEP_DEFECT,Dependency,Dependency,Dependency
7b07c07de03612f801f5d35728a2e4ffe65c0599,https://github.com/pulumi/examples/commit/7b07c07de03612f801f5d35728a2e4ffe65c0599,Syntax,Syntax mas tambem seta um novo parametro de cache mas nao ficou claro exatamente porque isso precisou ser feito,Dependency,"Pode também ser Configuration Data, mas parece ser que a mudança foi necessária por causa de uma mudança nas dependencias como atualização da versão.",,,Configuration Data Cache,Configuration Data Cache,CD_CACHE_DEFECT,Configuration Data Cache,Configuration Data,Configuration Data
995374b472e0b40b96b38bb0ed5a3bf484e27de5,https://github.com/mitodl/ol-infrastructure/commit/995374b472e0b40b96b38bb0ed5a3bf484e27de5,No Defect,Está apenas criando pipelines,Service Resource,"Feature nova que adiciona pipeline para deployment do ocw_site. Apesar de feature, já foi resolvido um possível bug que poderia causar duplicação no provisionamento de recursos",,,Service Resource,Service Resource,SERVICE_RESOURCE_DEFECT,Service Resource,Service,Service
54bf658d9a3ca02c946b360f1aaf764f69a40ae7,https://github.com/DerekFournier/cdk-eks-quickstart-python/commit/54bf658d9a3ca02c946b360f1aaf764f69a40ae7,Dependency,fazer upgrade de muitas minors de uma vez pode ser perigoso,Dependency,"A única mudança é um bump de versão de uma dependência, logo minha escolha",Dependency,,,Dependency,CONFIG_DATA_DEFECT,Configuration Data,Dependency,Configuration Data
cd8eee5db511b4fd6f2b84b7a7be19dfb82cd06f,https://github.com/aws-samples/generative-ai-cdk-constructs-samples/commit/cd8eee5db511b4fd6f2b84b7a7be19dfb82cd06f,Idempotency,,Idempotency,O código foi modificado para conseguir idempotência ,Idempotency,,,Idempotency,IDEM_DEFECT,Idempotency,Idempotency,Idempotency
60501930a889be7d0ab7da0b7f3b1ff2ff29e92e,https://github.com/pulumi/pulumi-aws/commit/60501930a889be7d0ab7da0b7f3b1ff2ff29e92e,Configuration Data,mudança de versões.,Idempotency,garantia de execução sem variações inesperadas,,,Idempotency,Idempotency,IDEM_DEFECT,Idempotency,Idempotency,Idempotency
2913893702f4856ab43955b682c3db7daf80f575,https://github.com/MalleshBonla/pulumi-examples/commit/2913893702f4856ab43955b682c3db7daf80f575,No Defect,"O commit apenas corrige problemas de lint, adicionando tipo a uma variável. Não sei se pode se enquadrar como Syntax, porém como o commit não corrige nenhum erro de execução relacionado à sintaxe, decidi deixar como No Defect.",Syntax,,,Syntax,,Syntax,SYNTAX_DEFECT,Syntax,Syntax,Syntax
d58ff8d284766e824f8ae74542591001096e4421,https://github.com/RKemvou/class_project1/commit/d58ff8d284766e824f8ae74542591001096e4421,Configuration Data,"Ele corrige o valor de uma variavel e apaga uma linha vazia, entao vou considerar apenas rnas como um configuration data",Syntax,Erro de digitação durante a criação de um objeto de confifiguração,,,Syntax,Syntax,SYNTAX_DEFECT,Syntax,Syntax,Syntax
dc1b333f2bd35dca99017562e24572ea39da37d8,https://github.com/DerekFournier/cdk-eks-quickstart-python/commit/dc1b333f2bd35dca99017562e24572ea39da37d8,Dependency,Seria possível considerar como Conditional também? Pois o problema de dependência foi resolvido adicionando uma estrutura condicional,Service Resource,"O commit resolve um problema no deploy e corrige documentação, então Documentation também se encaixaria nesse caso",,,Documentation,Documentation,DOC_DEFECT,Documentation,Documentation,Documentation
e8e0151596d860f7bac99ab46b13a07701d3e26c,https://github.com/MalleshBonla/pulumi-examples/commit/e8e0151596d860f7bac99ab46b13a07701d3e26c,No Defect,Apenas upgrade de versão,Dependency,"Só mudou versão das dependências, também poderia ser ""no defect""",,,Dependency,Dependency,DEP_DEFECT,Dependency,Dependency,Dependency
190ea08ab7c58ee90521e2cc89676de36291a14f,https://github.com/pulumi/pulumi-cloud/commit/190ea08ab7c58ee90521e2cc89676de36291a14f,No Defect,Adição de funcionalidade,No Defect,só adicionou uma possibilidade,No Defect,,,No Defect,DOC_DEFECT,Documentation,No Defect,Documentation
f10e90f834b592809a5a9fe95ad56afeba3b51e5,https://github.com/adityamillind98/checkov/commit/f10e90f834b592809a5a9fe95ad56afeba3b51e5,Conditional,,Service Resource,Realiza a correção de um erro na implantação da infra,,,Conditional,Conditional,CONDITIONAL_DEFECT,Conditional,Conditional,Conditional
ba80eff773ff4f116a71e1fd199dba15cc69f23e,https://github.com/mitodl/ol-infrastructure/commit/ba80eff773ff4f116a71e1fd199dba15cc69f23e,Service Panic,"Como ele diz q essa funcionalidade do erro 503 causa bugs e coisas estranhas, vou colocar como service panic. Acho que eh o mais proximo da categoria ",Service Panic,Erro inesperado no serviço causado por um status de erro específico e desnecessário,Service Panic,,,Service Panic,SERVICE_PANIC_DEFECT,Service Panic,Service,Service
bd2972861827940fe5cbd16c3fd5fa8856c59af2,https://github.com/mitodl/ol-infrastructure/commit/bd2972861827940fe5cbd16c3fd5fa8856c59af2,Service Resource,O commit adiciona configurações quanto à alocação de instâncias AWS EC2,Configuration Data,,,,Configuration Data,Configuration Data,CONFIG_DATA_DEFECT,Configuration Data,Configuration Data,Configuration Data
54534fa839439e94411816aa104fc0abcc51e6a0,https://github.com/MalleshBonla/pulumi-examples/commit/54534fa839439e94411816aa104fc0abcc51e6a0,Documentation,"o commit possui alterações na documentação, mas também corrige nos exemplos para um path correto, logo, poderia-se escolher pela categoria Dependency",Configuration Data Network,altera a maneira como a configuração da rede é definida,,,Configuration Data Network,Configuration Data Network,CONFIG_DATA_DEFECT,Configuration Data,Configuration Data,Configuration Data
417037c84f3f9a0864e60cace5f3c3aacd654581,https://github.com/balancer-labs/balancer-api/commit/417037c84f3f9a0864e60cace5f3c3aacd654581,No Defect,Apenas alterando de onde extrair a variável,Syntax,"A categoria também poderia ser ""Configuration Data"", mas tendo em vista que o objetivo foi tornar o código mais flexível na chamada do endpoint eu defini como ""Syntax""",,,Configuration Data,Configuration Data,BUGGY_COMMIT,No Defect,Configuration Data,No Defect
00eb6119505380832189c0f69c5074417fd2ae78,https://github.com/bcgov/nr-bcws-opensearch/commit/00eb6119505380832189c0f69c5074417fd2ae78,No Defect,"o commit conserta um bug, adicionando o atributo ""arn"" e adiciona um valor default para a geração do tfvars",Syntax,A falta do .arn na policies parece indicar erro de sintaxe,,,No Defect,No Defect,DOC_DEFECT,Documentation,No Defect,Documentation
855f7c950b75f3b3296bc500641c6b8d48068b14,https://github.com/mitodl/ol-infrastructure/commit/855f7c950b75f3b3296bc500641c6b8d48068b14,Service Resource,Apenas orrigindo uma configuração errada que quebrou apps que a usavam,Service Resource,"Existe uma sobreescrita das chaves do Consul, onde no código original é definido elasticsearch mas existe um segundo projeto, agora do opensearch, que é responsável por definir essa chave",Service Resource,,,Service Resource,CONFIG_DATA_DEFECT,Configuration Data,Service,Configuration Data
18359e94abcc68b34891ce57752d0209d27e4126,https://github.com/aws-samples/generative-ai-cdk-constructs-samples/commit/18359e94abcc68b34891ce57752d0209d27e4126,Idempotency,Parece uma questão de limpeza de recursos mas o código em si pretende garantir que os buckets sejam limpos de fato durante o destroy,Configuration Data,Correção na configuração do empty bucket.,,,Configuration Data,Configuration Data,CONDITIONAL_DEFECT,Conditional,Configuration Data,Conditional
1443a17090ee7407c9d9dfa34ae4698e5d2aeaa5,https://github.com/mitodl/ol-infrastructure/commit/1443a17090ee7407c9d9dfa34ae4698e5d2aeaa5,Documentation,Basicamente adicionou comentários aos trechos de código e quebrou em algumas linhas trechos que estavam em apenas uma,Idempotency,"Ele(a) troca uma flag - que eu sinceramente não conheco e não achei na documentação para limpar checks pre-commit, eu suponho que esses checks poderiam atrapalhar a execução ",,,Documentation,Documentation,CONFIG_DATA_DEFECT,Configuration Data,Documentation,Configuration Data
89e3616548b372044367872736ec6a5ae339bc13,https://github.com/pulumi/pulumi-gcp/commit/89e3616548b372044367872736ec6a5ae339bc13,No Defect,"Há a adição de um novo componente no código, capaz de simplificar a criação de Cloud Functions. Não há defeito na versão anterior.",Documentation,"O commit não resolve nenhum problema, ele cria um novo componente, faz testes para ele e coloca alertas para que os usuários o usem e considerem deprecated a forma que era feita antes, por colocar mensagens avisando, considerei documentação, mas No Defect também me parece correto.",,No Defect,,No Defect,NO_DEFECT,No Defect,No Defect,No Defect
8e6afacd062988f9507394d791be4aed0a963f6a,https://github.com/affranco/pulumi/commit/8e6afacd062988f9507394d791be4aed0a963f6a,No Defect,"O commit atualiza o tipo de Security Group utilizado, mas não há defeito na versão anterior.",Service Resource,"Foi escolhido Service Resource pois no commit é realizada uma mudança nas configurações de security group, mas dentro do contexto de criação de uma instância EC2. Acredito que também possa ser entendido como Configuration Data Network.",,,No Defect,No Defect,SECURITY_DEFECT,Security,No Defect,Security
c95cf4402c8d3c1f71440c566a0b3d8caa2090b2,https://github.com/pulumi/pulumi-eks/commit/c95cf4402c8d3c1f71440c566a0b3d8caa2090b2,Conditional,,Configuration Data Credential,"O problema aqui é pq tem dois casos - um que a credencial já táa listada no cluster e outro que essa credencial é passada no momento do acesso, o commit corrige pra que ambos os acessos funcionem",,,Conditional,Conditional,CONDITIONAL_DEFECT,Conditional,Conditional,Conditional
13c1baf7882b50a3a076c6dee442f0785659fa41,https://github.com/awslabs/aws-dataall/commit/13c1baf7882b50a3a076c6dee442f0785659fa41,Security,Automatiza rotinas (tasks) de verificação de segurança ao mesmo tempo que adiciona flags em determinados pontos para ignorar as verificações,Documentation,"Grandes mudanças no CI e só mudanças de comentários no código, beira o no Defect.",,,Documentation,Documentation,DOC_DEFECT,Documentation,Documentation,Documentation
2664dbcc87c73cb17c541878dea1c0d5e91b57a0,https://github.com/hashicorp/terraform-cdk/commit/2664dbcc87c73cb17c541878dea1c0d5e91b57a0,Documentation,"Faz um comentário para esclarecimento, e remove um trecho que parece estar lá só para teste, o objetivo parece que é facilitar a compreensão para quem lê o código.",Service Resource,"Originalmente o Aspect era definido apenas para o bucket S3, no entanto o commit expande o escopo para toda o TerraformStack",,,Documentation,Documentation,DOC_DEFECT,Documentation,Documentation,Documentation
2bbe46a091f677134448fef80e855c2ec5889ad4,https://github.com/bcgov/nr-bcws-opensearch/commit/2bbe46a091f677134448fef80e855c2ec5889ad4,Configuration Data,"se a instância já existir, tem que alterar na mão na interface da AWS",Service Panic,"Ao que parece foi um problema externo e inesperado, um bug no terraform",,,Service Panic,Service Panic,SERVICE_PANIC_DEFECT,Service Panic,Service,Service
c985b879fbed067e615af9c7ee257ef54d939c14,https://github.com/MichaelGFagan/stepfunctions_example/commit/c985b879fbed067e615af9c7ee257ef54d939c14,Service Resource,Erro de configuração dos serviços,Dependency,O código foi modificado para se adequar as mudanças da nova versão de uma dependência,,,Dependency,Dependency,DEP_DEFECT,Dependency,Dependency,Dependency
65d5be386d81da81f9fbaee07099776720c602c0,https://github.com/MichaelGFagan/stepfunctions_example/commit/65d5be386d81da81f9fbaee07099776720c602c0,Syntax,erros de digitação,Syntax,sintaxe relacionado ao uso da função super(),Syntax,,,Syntax,SYNTAX_DEFECT,Syntax,Syntax,Syntax
4805b28bf65365217bcf4f06ab51c7e54b689949,https://github.com/mitodl/ol-infrastructure/commit/4805b28bf65365217bcf4f06ab51c7e54b689949,Service Resource,Mudanças de policies (permissões) da AWS.,Configuration Data,,,,Configuration Data,Configuration Data,CD_FILE_SYSTEM_DEFECT,Configuration Data File System,Configuration Data,Configuration Data
c678e6762b3ea2085996db43b48b93b1344a37ab,https://github.com/awslabs/aws-dataall/commit/c678e6762b3ea2085996db43b48b93b1344a37ab,Configuration Data,"Ele permite que um parametro aceite mais um tipo, vou colocar como configuração ja que se trata de uma feature nova",No Defect,"Não há um erro aqui, o commit está tornando o código mais abrangente, permitindo VPC menos restrito",,,No Defect,No Defect,BUGGY_COMMIT,No Defect,No Defect,No Defect
f460b2723878c5babd6ddba016d56f4dbb5b03e1,https://github.com/pulumi/pulumi-pulumiservice/commit/f460b2723878c5babd6ddba016d56f4dbb5b03e1,Dependency,,Idempotency,Após uma atualização do pulumi CLI alguns testes começaram a falhar e o commit é a correção,,,Dependency,Dependency,CONDITIONAL_DEFECT,Conditional,Dependency,Conditional
46d2178779443a4fb3a5368b218eb52ab4dc7feb,https://github.com/aws-samples/serverless-samples/commit/46d2178779443a4fb3a5368b218eb52ab4dc7feb,No Defect,Adição de funcionalidade,Configuration Data,,,,No Defect,No Defect,NO_DEFECT,No Defect,No Defect,No Defect