hash,oracle-normalized,acid-normalized
acceb5180a6c262fcc502b7ff16fd9c708fd8eca,No Defect,No Defect
bba8ba7bff3ebecf1e23460b444a97d95f1c3a39,Dependency,Conditional
bcd4ee9909d396b04ad918fff7e140bd854eeb28,Idempotency,Idempotency
48a1189077d2edd5d9be04eb49f52093f9bc3e01,No Defect,No Defect
cb67003e23a1f359fe0a08e83fab38d5bf1276e2,Configuration Data,Configuration Data
7612276ef1a82971b164712fce8f26f73cac82ef,Configuration Data,Configuration Data
af83c4d7ec0d55322f3826b2c14b035871be7ec3,No Defect,No Defect
0371b61b0407893cbe456edabe56fab200f3066f,Dependency,Dependency
8f6fd48bf45aba59055e34303d0b456cf437c833,Configuration Data,Configuration Data
51361d5e2898d4d79e68cfe0e50f1c691ae17ed8,Configuration Data,Configuration Data
506330296e685305b9eaae5450bf616413b4ebb7,No Defect,No Defect
1b64b779a8d5cf651d962176c12f8ac1f6e9fe9e,Security,Security
fe70605ed9c06b2efd8675da5567d1dd2362986c,Syntax,Syntax
698799eab4a41d99e38753f6e9170eebf54a07a1,Configuration Data,Configuration Data
5475a129d25740df814250cd2cf42c10e368eaaf,Configuration Data,Configuration Data
86103c65469e9009934b5a31ac04ee3f88e3bd17,Documentation,Documentation
ea535a275570928b9546197eb8a2aa0e13e4b571,Configuration Data,Configuration Data
7348bc0177c2a4074a224aa8b9839018fe924e4a,Configuration Data,Configuration Data
9464f26dacdf4d7af4d61eabda1fd7dea141e855,Dependency,Dependency
f573c71387c1dbaea25bc3dc83a656e1f7a6092a,Documentation,Documentation
0420d1bcd31766b7c6696d33f6fb3d9e15e2348d,No Defect,No Defect
eb1445f057daca7472517ecd176dec8903dff87a,Configuration Data,No Defect
d65b434ac2dd95d9b7b9fb356e3a4642060bcc0a,No Defect,Configuration Data
2cc7dcfa522d32fea8b02ac122a9567a332c18f0,Configuration Data,Configuration Data
5d53ae97c9a66737ae1e2610104a5d345a1559a2,No Defect,Configuration Data
643f6e61843d9cd8845542129e9ad639abd42979,Documentation,Documentation
e2dc6dd43ee9744b0ca420911a7731306c85b823,Configuration Data,Configuration Data
f5f7ed9dddb025a9df10563e19236ae6968acf08,Service,Service
08caca6592779bf64803bcbc65735da4578103de,Documentation,Documentation
2dcffba5f5ef8509499cf977849be66233346d2e,Configuration Data,Configuration Data
3552eaea5ee128e070a04190979ac5d7b484ec8b,No Defect,No Defect
e185fa4e9b1f4710ff9502960b2fe07579174db9,Configuration Data,Configuration Data
4b15c4646bfe8e9844fb29ebdc68818bbb201a48,No Defect,No Defect
ea9961df26ed7e9d8ae2f248875f5e0c09469641,Security,Security
0f7e0a80ce28ee62ec7230a90f3e6ee57046cfa4,Configuration Data,Configuration Data
cee1b30330031c2166f6337f9fb717ed74d8e314,Service,Service
4f82a995f6c99fe65684f997b125fe1f2f535ffd,Configuration Data,Configuration Data
9340a4d8927fbe2e3f126661daa1f94cfe382a5e,No Defect,No Defect
2d803a9b97c5dd4102b4f4041087b15d7d5f06d2,Syntax,Syntax
4e2a308c86798b6285c7bf5da88dd8cc316c11a8,No Defect,No Defect
f5729169bb18f9ab4847b8b30c3292b444ceba2b,Configuration Data,Configuration Data
e37f5561b71661d90ea465b551f3042b2fb27e15,Service,Configuration Data
b10987c494ad144859f884c36ce5a0a142bcf733,Configuration Data,Configuration Data
47ff5624f666715850b97b340f32c435dd503907,Configuration Data,Configuration Data
e1d16954fe6efeb992c679871b280da17a44e554,Configuration Data,Configuration Data
9ee738f009ab26daf9c4205b53b097ff6fab8368,Syntax,Syntax
5b554ca750ac5988263543b65ec415ea8581efc0,Conditional,Conditional
24762e34396d243f6cf5add5c3fc7343459c8a3f,Service,Service
d4d9d93ed8279a41f95a0f0cef537b7b605bcef7,Security,Security
dc0affc60528146a2b36d5234d717c826f30dae2,Conditional,Conditional
25400158d35c61b2a5cdf2ecc7b3abdaba118301,Configuration Data,Configuration Data
9a2c0436152f37b139d426fb0638c6c06640186d,Configuration Data,Configuration Data
ecd64756a8e80b3c9e06e0916e12225daa2df3c7,No Defect,Service
52ba8f9695599593743640b073c0b4c380624e99,Dependency,Dependency
cb41a081faf9b429c712cacd7ad26ac080faeed1,Configuration Data,Configuration Data
3b4c6fc25597e4f57982df4fd75f2232f07e2768,No Defect,Documentation
0042fb9d22a6649eb475d7ef6a16e534afcf7e1e,Dependency,Dependency
2f4b88e93711910f786e67aad6425f291ccd4c8a,Security,Service
b965c5f6835d78e27ae1c92ee191fe3132e26300,Service,Service
725c867a181ab85241f37fc3e989a1aedc1ccd83,Configuration Data,Configuration Data
41d0860c2c71e4a67189e56f745d2f312502612d,Dependency,Dependency
b7dd62be2cbc5c437e8e0ffcb45c8bddcb3835b1,No Defect,Service
20aa5505769458d6925888f0b578d714f8884eb9,Documentation,Documentation
c02aaf118c5f6f777f7b0c565ec4ac378ad0a509,No Defect,No Defect
51466fe8af33a95ab16aa5a8c508ba3be089c41c,Documentation,No Defect
6183e8376d12644d30151227ed19f35d1b2433b3,Idempotency,Idempotency
1ce18ea7eb08d974be4838d5fdfb63d20782de16,Configuration Data,Configuration Data
e3759dcd576de9c8bded56e0edaa0c0874830247,Syntax,Syntax
4d7e7fc35ca802f8be2c75f9d247d0a273b76048,No Defect,Configuration Data
9d9091d4e94e17c74c728451da74260b43e59832,No Defect,No Defect
81e610abe808ccc3052bd727a51c6fe4e23351c0,Configuration Data,Configuration Data
7ff277a8785328687efb378c2c648b67d852c4ce,Conditional,Conditional
874d248d71158bda6c3b06d7b080d6a39c550a32,Dependency,Dependency
5137f17f3fc174c54d9c4d901a3c53692ee751d0,No Defect,Service
15b174657ded9b87454e388bd234795c430d0c7a,No Defect,Syntax
77c466fdea071563c1a276ce8d362c2b7ccc591a,Dependency,Service
98ddb9872ee512c99c1b69bc270c6a824fc538f9,Configuration Data,Dependency
550d0cc927df1a62d69acdb184576ec3a583e5f8,Dependency,Dependency
466d84b5693747894a582424030ba3231b7fab89,Security,Configuration Data
328158b7d8202c04d95adb209f67f8d376218640,Syntax,No Defect
9e00c4192170771ddcfdede3ac8f5c5be27cb522,Configuration Data,Configuration Data
f469f0cc078bbd617fc676506ab47c2840acd82d,Service,Service
cdac6d7976ba574f04e866c2562c48d36a281c3b,Syntax,Syntax
976def3faca6418437c095b3d0c5d81d24f99c69,Idempotency,Idempotency
b2471ed7b785918435a1176bdd9f6600e274f5e9,Configuration Data,Configuration Data
b6d9fa9898e9ae2e2054effc8e500a60acf8b4c3,Configuration Data,Configuration Data
8b8963398af55a9c580200212a12044d45a3f28e,Service,Service
cf0c6e46683b8dc9638f12a28fcb444865aede75,Configuration Data,Configuration Data
ace64b299b455e620ba8fe010cc95456c60bc730,No Defect,No Defect
339c5e539b03c32aed03f020d5b118336f9a9524,No Defect,No Defect
b44278cfc415fb4c1f59b03c6b77dfacd4785102,Documentation,Documentation
b9292853ba2ec5c3d181a7bafe5136b1b70cb479,Syntax,Syntax
d1522fa1027446de10daa4c58db54db64e918de7,Dependency,Dependency
65ebe27f12cc6fee6fcc7e02a2a30d55f5f9c91d,Service,Configuration Data
aa0970f2b5ace59f2df41dd29d2b1f9236652bd6,Configuration Data,Configuration Data
5337e5f8413c101317e307000fd1b2312e9d2b2e,Dependency,No Defect
d2a762b5b44b75bc28c056e78ac68efa555f3e25,No Defect,Dependency
4e3c67420c605187815dd5d4accad05904a791fd,No Defect,No Defect
327a5d19ae578fe338778cfc657b3ad8b651aa7c,Configuration Data,Configuration Data
713ceda318ccf45b0029fdfd32115084e1bd0667,No Defect,No Defect
be7d90e9f73599e113d566df8a2ed7251f13ffe2,Dependency,Dependency
7b07c07de03612f801f5d35728a2e4ffe65c0599,Configuration Data,Configuration Data
995374b472e0b40b96b38bb0ed5a3bf484e27de5,Service,Service
54bf658d9a3ca02c946b360f1aaf764f69a40ae7,Dependency,Configuration Data
cd8eee5db511b4fd6f2b84b7a7be19dfb82cd06f,Idempotency,Idempotency
60501930a889be7d0ab7da0b7f3b1ff2ff29e92e,Idempotency,Idempotency
2913893702f4856ab43955b682c3db7daf80f575,Syntax,Syntax
d58ff8d284766e824f8ae74542591001096e4421,Syntax,Syntax
dc1b333f2bd35dca99017562e24572ea39da37d8,Documentation,Documentation
e8e0151596d860f7bac99ab46b13a07701d3e26c,Dependency,Dependency
190ea08ab7c58ee90521e2cc89676de36291a14f,No Defect,Documentation
f10e90f834b592809a5a9fe95ad56afeba3b51e5,Conditional,Conditional
ba80eff773ff4f116a71e1fd199dba15cc69f23e,Service,Service
bd2972861827940fe5cbd16c3fd5fa8856c59af2,Configuration Data,Configuration Data
54534fa839439e94411816aa104fc0abcc51e6a0,Configuration Data,Configuration Data
417037c84f3f9a0864e60cace5f3c3aacd654581,Configuration Data,No Defect
00eb6119505380832189c0f69c5074417fd2ae78,No Defect,Documentation
855f7c950b75f3b3296bc500641c6b8d48068b14,Service,Configuration Data
18359e94abcc68b34891ce57752d0209d27e4126,Configuration Data,Conditional
1443a17090ee7407c9d9dfa34ae4698e5d2aeaa5,Documentation,Configuration Data
89e3616548b372044367872736ec6a5ae339bc13,No Defect,No Defect
8e6afacd062988f9507394d791be4aed0a963f6a,No Defect,Security
c95cf4402c8d3c1f71440c566a0b3d8caa2090b2,Conditional,Conditional
13c1baf7882b50a3a076c6dee442f0785659fa41,Documentation,Documentation
2664dbcc87c73cb17c541878dea1c0d5e91b57a0,Documentation,Documentation
2bbe46a091f677134448fef80e855c2ec5889ad4,Service,Service
c985b879fbed067e615af9c7ee257ef54d939c14,Dependency,Dependency
65d5be386d81da81f9fbaee07099776720c602c0,Syntax,Syntax
4805b28bf65365217bcf4f06ab51c7e54b689949,Configuration Data,Configuration Data
c678e6762b3ea2085996db43b48b93b1344a37ab,No Defect,No Defect
f460b2723878c5babd6ddba016d56f4dbb5b03e1,Dependency,Conditional
46d2178779443a4fb3a5368b218eb52ab4dc7feb,No Defect,No Defect
