hash,oracle-normalized,semantic_requirement,label_certainty,overall-note
acceb5180a6c262fcc502b7ff16fd9c708fd8eca,NO_DEFECT,SYNTACTIC,CLEAR,Unanimous Agreement (UA)
bba8ba7bff3ebecf1e23460b444a97d95f1c3a39,DEPENDENCY,SEMANTIC,AMBIGUOUS,"This ECM is classified as a dependency defect, but only lint rules and dependency updates and basic code formatting in React components, which does not represent an IaC defect fix. LLMs were unanimous to point out no defect. ACID tool was absurd and labeled it as a conditional defect."
bcd4ee9909d396b04ad918fff7e140bd854eeb28,IDEMPOTENCY,SYNTACTIC,CLEAR,Unanimous Agreement (UA)
48a1189077d2edd5d9be04eb49f52093f9bc3e01,NO_DEFECT,SYNTACTIC,CLEAR,Unanimous Agreement (UA)
cb67003e23a1f359fe0a08e83fab38d5bf1276e2,CONFIGURATION_DATA,SYNTACTIC,AMBIGUOUS,Prompt definitions for this ECM might be overlapping with dependency and service. Only gpt got it wrong (dependency defect).
7612276ef1a82971b164712fce8f26f73cac82ef,CONFIGURATION_DATA,SYNTACTIC,AMBIGUOUS,"There was change in documentation examples, hardcorded refactoring, example bucket name change and elasticache variable/instance creation as default (biggest change). The ECM could be classified differently, including as no defect, since the fix intent is not clear."
af83c4d7ec0d55322f3826b2c14b035871be7ec3,NO_DEFECT,AMBIGUOUS,AMBIGUOUS,"Although there was unanimous agreement (UA), the classification is ambiguous. The commit message is not clear about the fix intent, and the change is mostly a feature."
0371b61b0407893cbe456edabe56fab200f3066f,DEPENDENCY,SYNTACTIC,CLEAR,"Although only qwen provided a FN answer, the scope confusion allows to be both dependency and no defect, since it's more about debt maintenance, without affecting IaC scripts or resources directly."
8f6fd48bf45aba59055e34303d0b456cf437c833,CONFIGURATION_DATA,SEMANTIC,AMBIGUOUS,"All LLMs were unanimous in pointing out no defect for this ECM, which looked more like a refactoring than a fix, improving the quality and maintainability of the IaC code (corroborated by oracle raters comments)."
51361d5e2898d4d79e68cfe0e50f1c691ae17ed8,CONFIGURATION_DATA,SYNTACTIC,CLEAR,"Defect fix was straighforward and classification was almost unanimous, except for Qwen3 that assigned no defect and repeated the commit message (instead of providing a reason)."
506330296e685305b9eaae5450bf616413b4ebb7,NO_DEFECT,SYNTACTIC,AMBIGUOUS,"ECM could also be classified as a documentation defect, since the author does not clear states the impact. All LLMs diverged, only deepseek was reasonable here."
1b64b779a8d5cf651d962176c12f8ac1f6e9fe9e,SECURITY,SYNTACTIC,CLEAR,"Almost unanimous agreement (UA), except for deepseek that classified it as configuration data defect."
fe70605ed9c06b2efd8675da5567d1dd2362986c,SYNTAX,SYNTACTIC,CLEAR,UA
698799eab4a41d99e38753f6e9170eebf54a07a1,CONFIGURATION_DATA,AMBIGUOUS,CLEAR,"This ECM changes several files and, despite configuration data defect being the most related one, syntax and security could also be considered. Almost unanimous, except for the gpt model that labeled it as a security defect."
5475a129d25740df814250cd2cf42c10e368eaaf,CONFIGURATION_DATA,SEMANTIC,AMBIGUOUS,"The ECM was clear in the commit message that it was a defect fix (which deepseek overlooked as no defect), mostly to adapt to new cdk. However, the configuration data is not being changed, the change is purely structural and syntactic (although the ECM itself is labeled as semantic), the values remain the same. It is a clear syntax defect, which Oracle and ACID got wrong, but remaining LLMs got it right."
86103c65469e9009934b5a31ac04ee3f88e3bd17,DOCUMENTATION,AMBIGUOUS,AMBIGUOUS,"LLMs were unanimous to point out no defect, since the ECM is more about a version release preparation rather than a defect fix, whereas ACID and Oracle classified it as a documentation defect. The commit message mentions fix, but it might be misleading and support multiple interpretations, since the change is more about preparing documentation for a version release, rather than fixing an actual defect."
ea535a275570928b9546197eb8a2aa0e13e4b571,CONFIGURATION_DATA,SYNTACTIC,CLEAR,UA
7348bc0177c2a4074a224aa8b9839018fe924e4a,CONFIGURATION_DATA,SEMANTIC,AMBIGUOUS,"Absolute mismatch across LLMs. ECM was flagged as semantic and Oracle label as ambiguous because author does not underlines if commit is a defect or a fix, and could admit multiple interpretations based on definitions."
9464f26dacdf4d7af4d61eabda1fd7dea141e855,DEPENDENCY,SYNTACTIC,AMBIGUOUS,"Hard to say if the model misinterpreted or really identified as no defect, since it just rephrased commit message."
f573c71387c1dbaea25bc3dc83a656e1f7a6092a,DOCUMENTATION,SYNTACTIC,AMBIGUOUS,"Despite being clear about a documentation correction (author corroborated in the commit message), this ECM also supports a syntax defect label because it alters a .go file, even though it's related to documentation."
0420d1bcd31766b7c6696d33f6fb3d9e15e2348d,NO_DEFECT,SYNTACTIC,CLEAR,UA
eb1445f057daca7472517ecd176dec8903dff87a,CONFIGURATION_DATA,SEMANTIC,AMBIGUOUS,"All LLMs and the ACID tool were unanimous to point it out as no defect However, the Oracle label seems a bit off as well, since no configuration data is being changed, but a fix not related to a IaC file/resource is being performed (a test example)."
d65b434ac2dd95d9b7b9fb356e3a4642060bcc0a,NO_DEFECT,SEMANTIC,AMBIGUOUS,"The Oracle label is ambiguous because the author mentions a fix that changes an app (which could be interpreted as a service/configuration defect). Despite that, the ACID tool got it wrong, whereas the LLMs were unanimous and agreed with Oracle classification."
2cc7dcfa522d32fea8b02ac122a9567a332c18f0,CONFIGURATION_DATA,SYNTACTIC,CLEAR,UA
5d53ae97c9a66737ae1e2610104a5d345a1559a2,NO_DEFECT,SEMANTIC,CLEAR,"ACID and deepseek got it wrong, labeling the ECM as configuration data and documentation defect, respectively, incorrectly."
643f6e61843d9cd8845542129e9ad639abd42979,DOCUMENTATION,SYNTACTIC,CLEAR,"Almost unanimous, except for deepseek classification, labeled as no defect."
e2dc6dd43ee9744b0ca420911a7731306c85b823,CONFIGURATION_DATA,SEMANTIC,CLEAR,UA
f5f7ed9dddb025a9df10563e19236ae6968acf08,SERVICE,SEMANTIC,AMBIGUOUS,"ECM seems to allow multiple labels, especially giving definitions. For example, qwen and gpt classified it as a dependency defect instead of a service one."
08caca6592779bf64803bcbc65735da4578103de,DOCUMENTATION,SYNTACTIC,CLEAR,Deepseek and qwen classified this ECM as having no defect mostly because it was a documentation fix.
2dcffba5f5ef8509499cf977849be66233346d2e,CONFIGURATION_DATA,SYNTACTIC,CLEAR,"Qwen and gpt classified it as a security defect, because it deals with provider credential resources."
3552eaea5ee128e070a04190979ac5d7b484ec8b,NO_DEFECT,SYNTACTIC,CLEAR,UA
e185fa4e9b1f4710ff9502960b2fe07579174db9,CONFIGURATION_DATA,SEMANTIC,CLEAR,UA
4b15c4646bfe8e9844fb29ebdc68818bbb201a48,NO_DEFECT,SEMANTIC,AMBIGUOUS,LLMs were unanimous to point out a dependency defect. Oracle classification was problematic since each rater defended a different defect (configuration and idempotency) and yet it was labeled as no defect. Hard to tell if it was a feature or a fix based on commit message.
ea9961df26ed7e9d8ae2f248875f5e0c09469641,SECURITY,SYNTACTIC,CLEAR,UA
0f7e0a80ce28ee62ec7230a90f3e6ee57046cfa4,CONFIGURATION_DATA,SEMANTIC,AMBIGUOUS,"Unanimous agreement among LLMs (service), which is very reasonable, given proximity between definitions of configuration data and service defects. Oracle classification is arguable since this ECM changed an existing resource/service."
cee1b30330031c2166f6337f9fb717ed74d8e314,SERVICE,SEMANTIC,CLEAR,UA
4f82a995f6c99fe65684f997b125fe1f2f535ffd,CONFIGURATION_DATA,SEMANTIC,AMBIGUOUS,"Given the ECM, the classification could allow multilabel in this case, considering configuration data (Oracle, Acid, deepseek), security (qwen, gpt), and even service defects."
9340a4d8927fbe2e3f126661daa1f94cfe382a5e,NO_DEFECT,SYNTACTIC,AMBIGUOUS,UA
2d803a9b97c5dd4102b4f4041087b15d7d5f06d2,SYNTAX,SYNTACTIC,AMBIGUOUS,"This ECM is debatable because it's is simply correcting a typo within the files of a project. However, this is more a style/refactor than a syntax fix (since nothing was ""breaking"" due to an incorrect syntax). This might explain the divergence among LLMs, classifying it as documentation or configuration data defect."
4e2a308c86798b6285c7bf5da88dd8cc316c11a8,NO_DEFECT,SYNTACTIC,AMBIGUOUS,"UA, although it's confusing due to different changes being made. However, since depend on dev intent, it was just a ""test"" commit message."
f5729169bb18f9ab4847b8b30c3292b444ceba2b,CONFIGURATION_DATA,SYNTACTIC,CLEAR,UA
e37f5561b71661d90ea465b551f3042b2fb27e15,SERVICE,SEMANTIC,AMBIGUOUS,"This ECM label can be ambiguous (even oracle raters thought so, having service as the final defect). ACID, gpt and qwen marked it as configuration data defect, whereas the deepseek model didn't spot any defect."
b10987c494ad144859f884c36ce5a0a142bcf733,CONFIGURATION_DATA,SEMANTIC,CLEAR,"Absolute consensus among LLMs to point out a syntax defect, instead of configuration data, despite being more numerous and commit message point it out."
47ff5624f666715850b97b340f32c435dd503907,CONFIGURATION_DATA,SYNTACTIC,CLEAR,"LLMs disagreed completely, while qwen model got it right as a configuration data defect, gpt pointed out a service problem, which fits definition. Deepseek, however, pointed out no defect despite keywords and explanation in the commit message."
e1d16954fe6efeb992c679871b280da17a44e554,CONFIGURATION_DATA,SYNTACTIC,AMBIGUOUS,"High disagreement among LLMs, with qwen classifying ECM as a security defect, whereas gpt and deepseek spotted a feature addition, classifying it as no defect. Author mentioned ""Setting up vault global secrets"", without clear defect mention. No comment from oracle raters."
9ee738f009ab26daf9c4205b53b097ff6fab8368,SYNTAX,AMBIGUOUS,AMBIGUOUS,"Although almost all converged to syntax defect, except for the deepseek model, which classified it as a dependency defect. This ECM have evidence for both labels, since it's a change in dependency that motivates the syntax to be aligned with the new lib."
5b554ca750ac5988263543b65ec415ea8581efc0,CONDITIONAL,AMBIGUOUS,AMBIGUOUS,"High disagreement among LLMs, with only gpt providing the Oracle label, which could also accept configuration data (as qwen classified). However, because of the reasons, both qwen and deepseek (no defect) got it wrong."
24762e34396d243f6cf5add5c3fc7343459c8a3f,SERVICE,SEMANTIC,AMBIGUOUS,"ECM could be labeled as different defect types, such as service (Oracle, ACID) or security (qwen), it could even be labeled as no defect (gpt, deepseek), since intent was not clear by commit message."
d4d9d93ed8279a41f95a0f0cef537b7b605bcef7,SECURITY,SEMANTIC,AMBIGUOUS,High disagreement among LLMs. ECM looks like a mix between defects without a clear intent to accurately label it.
dc0affc60528146a2b36d5234d717c826f30dae2,CONDITIONAL,AMBIGUOUS,AMBIGUOUS,"This ECM can be confusing since it adds a error check for a lambda runtime. Oracle label seems off, because it was not a conditional defect before, it's more related to maintenance or a technical debt fix, or even a service defect."
25400158d35c61b2a5cdf2ecc7b3abdaba118301,CONFIGURATION_DATA,SEMANTIC,CLEAR,"ECM is very extensive and seems to include documentation changes, security/configuration fixes, etc. LLMs diverged completely."
9a2c0436152f37b139d426fb0638c6c06640186d,CONFIGURATION_DATA,SYNTACTIC,AMBIGUOUS,"UA, although the configuration data defect was corrected by fixing the syntax, so I wouldn't be surprised if it came up."
ecd64756a8e80b3c9e06e0916e12225daa2df3c7,NO_DEFECT,SEMANTIC,AMBIGUOUS,"Oracle category seems reductionist, overlooking remaining updates. ACID was unrelated as well. LLMs provided more realistic labels, configuration data (gpt) and dependency (deepseek, qwen) defects."
52ba8f9695599593743640b073c0b4c380624e99,DEPENDENCY,SYNTACTIC,AMBIGUOUS,"UA, although the dependency data defect was corrected by fixing the syntax, so I wouldn't be surprised if it came up."
cb41a081faf9b429c712cacd7ad26ac080faeed1,CONFIGURATION_DATA,SYNTACTIC,CLEAR,"Almost unanimous, except for qwen classification as a dependency defect, since the configuration data (classified by all remaining) was corrected by adjusting the dependency."
3b4c6fc25597e4f57982df4fd75f2232f07e2768,NO_DEFECT,SEMANTIC,AMBIGUOUS,"High agreement among LLMs that this ECM should be labeled as a syntax defect correction, not a no defect as Oracle raters classified. Identation fix in python is a syntax problem. ACID got it completely wrong as documentation defect."
0042fb9d22a6649eb475d7ef6a16e534afcf7e1e,DEPENDENCY,SYNTACTIC,CLEAR,Almost unanimous. Qwen correctly described change but labeled it as idempotency.
2f4b88e93711910f786e67aad6425f291ccd4c8a,SECURITY,SEMANTIC,AMBIGUOUS,"Oracle category seems off or reductionist in the context of this ECM. ACID got it wrong. LLMs diverged, but only gpt and qwen brought fair/right labels, conditional and security, respectively. Although the ECM deals with a security topic, it also fixed the conditional to check the over permissive policies, therefore sustaining both labels."
b965c5f6835d78e27ae1c92ee191fe3132e26300,SERVICE,SEMANTIC,AMBIGUOUS,"High agreement among LLMs. Final Oracle and ACID label (service) seems off or reductionist, since there are changes motivated by provider altering."
725c867a181ab85241f37fc3e989a1aedc1ccd83,CONFIGURATION_DATA,SYNTACTIC,AMBIGUOUS,UA
41d0860c2c71e4a67189e56f745d2f312502612d,DEPENDENCY,SEMANTIC,AMBIGUOUS,High agreement among LLMs to point out no defect since all the changes was motivated by migrating from kms to iot provider.
b7dd62be2cbc5c437e8e0ffcb45c8bddcb3835b1,NO_DEFECT,SEMANTIC,CLEAR,"Acid got it wrong as a service defect, whereas all the remaining coverged to label it as no defect."
20aa5505769458d6925888f0b578d714f8884eb9,DOCUMENTATION,SYNTACTIC,CLEAR,UA
c02aaf118c5f6f777f7b0c565ec4ac378ad0a509,NO_DEFECT,SYNTACTIC,CLEAR,UA
51466fe8af33a95ab16aa5a8c508ba3be089c41c,DOCUMENTATION,SEMANTIC,AMBIGUOUS,"Half and half here. Oracle and deepseek classified it as a documentation defect, whereas gpt, qwen and ACID identified no defect. The latter option seems more applicable here, since nothing was really fixed, only slightly enhanced."
6183e8376d12644d30151227ed19f35d1b2433b3,IDEMPOTENCY,SYNTACTIC,CLEAR,"High disagreement among LLMs, with all getting it wrong, despite mentioning non-determinism or duplicate processing prevention in justification. The ECM commit message was pretty expressive about the defect."
1ce18ea7eb08d974be4838d5fdfb63d20782de16,CONFIGURATION_DATA,SYNTACTIC,AMBIGUOUS,"ECM could've also been labeled as conditional, since the configuration data (final label) is related to a wrong condition and return to this."
e3759dcd576de9c8bded56e0edaa0c0874830247,SYNTAX,SYNTACTIC,CLEAR,UA
4d7e7fc35ca802f8be2c75f9d247d0a273b76048,NO_DEFECT,SYNTACTIC,CLEAR,"Despite Oracle answer being no defect (aligned with author's intent), all the LLMs and ACID agreed on configuration data."
9d9091d4e94e17c74c728451da74260b43e59832,NO_DEFECT,SYNTACTIC,CLEAR,"gpt and deepseek classified this ECM as configuration data defect, although there was not enough evidence of a fix, rather a simple change."
81e610abe808ccc3052bd727a51c6fe4e23351c0,CONFIGURATION_DATA,SYNTACTIC,CLEAR,UA
7ff277a8785328687efb378c2c648b67d852c4ce,CONDITIONAL,SEMANTIC,CLEAR,"Almost unanimous, except for deepseek that classified this ECM as a syntax defect instead of a conditional defect."
874d248d71158bda6c3b06d7b080d6a39c550a32,DEPENDENCY,SYNTACTIC,CLEAR,"Almost unanimous, except for deepseek that overlooked the fix purpose."
5137f17f3fc174c54d9c4d901a3c53692ee751d0,NO_DEFECT,SEMANTIC,CLEAR,"A lot is changed in this ECM, adding and adjusting monitoring to existing services could be interpreted as a service defect (gpt, ACID), but the author's intent could be interpreted as a feature, no defect (qwen, deepseek)."
15b174657ded9b87454e388bd234795c430d0c7a,NO_DEFECT,SEMANTIC,CLEAR,"Clear no defect, but qwen and ACID got it wrong as a syntax defect."
77c466fdea071563c1a276ce8d362c2b7ccc591a,DEPENDENCY,SEMANTIC,CLEAR,"Qwen got it wrong as a syntax defect, whereas the ACID tool was off as a service defect. In reality, only gpt and deepseek got it right."
98ddb9872ee512c99c1b69bc270c6a824fc538f9,CONFIGURATION_DATA,AMBIGUOUS,AMBIGUOUS,"This ECM message reveals a release, but a lot is changed and could fit different categories, from documentation (gpt), configuration data, dependency (ACID), and even security (following changelog changes). However, qwen and deepseek models got it wrong as no defect."
550d0cc927df1a62d69acdb184576ec3a583e5f8,DEPENDENCY,SEMANTIC,AMBIGUOUS,"All LLMs failed to identify the correct defect that was being fixed (dependency), focusing on documentation (keyword over reliance for gpt and deepseek) and syntax (qwen). The ECM category was labeled ambiguous because it could also fall into no defect, since the author mentions a fix in documentation."
466d84b5693747894a582424030ba3231b7fab89,SECURITY,SEMANTIC,AMBIGUOUS,"All LLMs got the right answer, ACID was off as a configuration data (despite the clear keywords like 'typo' and 'security'), but this ECM could also be interpreted as a syntax defect fix."
328158b7d8202c04d95adb209f67f8d376218640,SYNTAX,SEMANTIC,CLEAR,"This ECM could also have been labeled as a configuration data defect (gpt). High disagreement across strategies, only gpt providing an acceptable answer."
9e00c4192170771ddcfdede3ac8f5c5be27cb522,CONFIGURATION_DATA,SEMANTIC,AMBIGUOUS,"UA. However, this ECM could also have been classified as a syntax defect (since author mention ""invalid URI param"" in the message)."
f469f0cc078bbd617fc676506ab47c2840acd82d,SERVICE,AMBIGUOUS,AMBIGUOUS,"High agreement among LLMs to point out no defect. I labeled this ECM as ambiguous as well its label, because interpret the changes as a defect fix or a refactoring with no functional changes was not clear by commit message. It only changed approaches of vault config."
cdac6d7976ba574f04e866c2562c48d36a281c3b,SYNTAX,SYNTACTIC,CLEAR,"High disagreement among LLMs, despite ""typo"" keyword in the commit message."
976def3faca6418437c095b3d0c5d81d24f99c69,IDEMPOTENCY,SYNTACTIC,CLEAR,UA.
b2471ed7b785918435a1176bdd9f6600e274f5e9,CONFIGURATION_DATA,SYNTACTIC,CLEAR,"High disagreement among LLMs, only qwen got it right."
b6d9fa9898e9ae2e2054effc8e500a60acf8b4c3,CONFIGURATION_DATA,AMBIGUOUS,AMBIGUOUS,"This ECM is curious because according to user intent, the configurations were changed for a test, to skip authentication. The models correctly described this, but the labels were different, such as no defect (gpt, deepseek) and even dependency (qwen). I think that service defect could also apply, depedending on its use. If we were talking about defect injection, it would be clearly a security defect."
8b8963398af55a9c580200212a12044d45a3f28e,SERVICE,SYNTACTIC,AMBIGUOUS,"This ECM could fit into configuration data, service and no defect categories, since the author does not mention the extent of impact, referring to the change more as a dead code removal. LLMs were unanimous to point out no defect."
cf0c6e46683b8dc9638f12a28fcb444865aede75,CONFIGURATION_DATA,SEMANTIC,CLEAR,UA
ace64b299b455e620ba8fe010cc95456c60bc730,NO_DEFECT,SYNTACTIC,AMBIGUOUS,"This ECM is ambiguous because it could also be classified as a service or a security (qwen, gpt) defect, as well as no defect (Oracle, ACID, deepseek). However, the author expressed underlying intent to provide permissions, which flags a defect that was corrected."
339c5e539b03c32aed03f020d5b118336f9a9524,NO_DEFECT,SYNTACTIC,CLEAR,"Almost UA, except for gpt final label (configuration data defect)."
b44278cfc415fb4c1f59b03c6b77dfacd4785102,DOCUMENTATION,SYNTACTIC,CLEAR,"High agreement across LLMs, that labeled this ECM as no defect, since it's more about a documentation refactor/choice, without affecting IaC scripts instructions."
b9292853ba2ec5c3d181a7bafe5136b1b70cb479,SYNTAX,SYNTACTIC,AMBIGUOUS,UA
d1522fa1027446de10daa4c58db54db64e918de7,DEPENDENCY,SYNTACTIC,CLEAR,"Almost UA, except for deepseek (correctly described change, but labeled it as no defect)."
65ebe27f12cc6fee6fcc7e02a2a30d55f5f9c91d,SERVICE,SYNTACTIC,AMBIGUOUS,"This ECM is changing a lot and user intent is not clear. It could be easily labeled as dependency, documentation, service, and configuration data. Deepseek classification was wrong, but gpt's was acceptable."
aa0970f2b5ace59f2df41dd29d2b1f9236652bd6,CONFIGURATION_DATA,SYNTACTIC,AMBIGUOUS,"Large ECM with multiple changes. However, it's more about a o11y feature addition than a defect fix (configuration data refactoring is a side effect, not a defect)."
5337e5f8413c101317e307000fd1b2312e9d2b2e,DEPENDENCY,SYNTACTIC,AMBIGUOUS,ACID and deepseek (for the wrong reasons) pointed out no defect. This ECM has other fixes beyond dependency.
d2a762b5b44b75bc28c056e78ac68efa555f3e25,NO_DEFECT,SEMANTIC,AMBIGUOUS,"Oracle label is not accurate to describe defect fix (since the configuration was not right, needing to change RDS instance_class to instance_type param). Gpt, qwen and ACID agreed upon dependency defect, whereas deepseek agreed with the Oracle label (although it certainly got trapped by keyword over reliance, based on its reason)."
4e3c67420c605187815dd5d4accad05904a791fd,NO_DEFECT,SYNTACTIC,CLEAR,"This ECM could be either interpreted as a security fix, because of the safe default impl, or maintainability, or even no defect, depending on author intent (which was not clear by commit message)."
327a5d19ae578fe338778cfc657b3ad8b651aa7c,CONFIGURATION_DATA,SEMANTIC,AMBIGUOUS,"This ECM is more related to a dependency defect, despite Oracle classification as a configuration data defect. The change in configuration was to meet deps requirement; maybe there's a category definition overlap between them."
713ceda318ccf45b0029fdfd32115084e1bd0667,NO_DEFECT,SEMANTIC,AMBIGUOUS,"UA, but this ECM could also be flagged as a defect fix, since code strings let it slip a purpose of Amazon Linux AMI change to a specific version, in order to avoid ""re-recording the snapshot""."
be7d90e9f73599e113d566df8a2ed7251f13ffe2,DEPENDENCY,SYNTACTIC,CLEAR,UA
7b07c07de03612f801f5d35728a2e4ffe65c0599,CONFIGURATION_DATA,SYNTACTIC,CLEAR,Only deepseek correctly identified the defect in this ECM; gpt and qwen went astray.
995374b472e0b40b96b38bb0ed5a3bf484e27de5,SERVICE,SEMANTIC,AMBIGUOUS,"This ECM should allow more than one category, but especially idempotency, since author and code clearly states need to avoid mutating existing resources. Oracle raters completely overlooked that. Gpt and deepseek got it right, as idempotency. Configuration data is also being changed, but it's less crucial."
54bf658d9a3ca02c946b360f1aaf764f69a40ae7,DEPENDENCY,SYNTACTIC,AMBIGUOUS,"Dependency (Oracle, qwen) and configuration data (gpt, deepseek, ACID) defects' definitons overlap for this ECM, it could easily admit both."
cd8eee5db511b4fd6f2b84b7a7be19dfb82cd06f,IDEMPOTENCY,SYNTACTIC,CLEAR,UA
60501930a889be7d0ab7da0b7f3b1ff2ff29e92e,IDEMPOTENCY,SYNTACTIC,CLEAR,UA
2913893702f4856ab43955b682c3db7daf80f575,SYNTAX,SYNTACTIC,AMBIGUOUS,"Actually, this ECM should've been labeled as no defect, since no functionality is being changed and syntax is not an issue to be fixed (it's just a lint change). Gpt correctly got this, whereas all others got it wrong (including Oracle raters evaluation)."
d58ff8d284766e824f8ae74542591001096e4421,SYNTAX,SYNTACTIC,CLEAR,"The author mentions a typo, clearly providing info about a syntax defect (Oracle, ACID, gpt). However, deepseek and qwen labeled it as a documentation defect."
dc1b333f2bd35dca99017562e24572ea39da37d8,DOCUMENTATION,SYNTACTIC,AMBIGUOUS,"This ECM should have been labeled as documentation and dependency, since author clearly expresses both changes fixes in commit message."
e8e0151596d860f7bac99ab46b13a07701d3e26c,DEPENDENCY,SYNTACTIC,CLEAR,"Almost unanimous, except for deepseek that interpreted fix as a configuration data (which, according to definition, also fits)."
190ea08ab7c58ee90521e2cc89676de36291a14f,NO_DEFECT,SEMANTIC,CLEAR,"High agreement among LLMs, all pointed out a configuration defect, since the conditional limit of AZs and the default number was changed, beyond adding a personalized option. If it's a defect or a feature, it's not clear by author's commit message."
f10e90f834b592809a5a9fe95ad56afeba3b51e5,CONDITIONAL,SYNTACTIC,AMBIGUOUS,"This ECM is tricky to label. It's a syntax error in conditional validation (boolean values), that is corrected by changing the configuration data to prevent syntax errors."
ba80eff773ff4f116a71e1fd199dba15cc69f23e,SERVICE,SYNTACTIC,CLEAR,UA
bd2972861827940fe5cbd16c3fd5fa8856c59af2,CONFIGURATION_DATA,SYNTACTIC,CLEAR,UA
54534fa839439e94411816aa104fc0abcc51e6a0,CONFIGURATION_DATA,SEMANTIC,CLEAR,"Almost UA, except for deepseek model that prioritized the documentation aspect over the code location data removal. This ECM could allow both labels (configuration data and documentation) because the readme is instructing how to use the location command, not just only updating to match code change."
417037c84f3f9a0864e60cace5f3c3aacd654581,CONFIGURATION_DATA,SEMANTIC,CLEAR,ACID failed to identify problem. Qwen described correctly and assigned wrong category.
00eb6119505380832189c0f69c5074417fd2ae78,NO_DEFECT,SEMANTIC,AMBIGUOUS,"ACID was completely wrong (documentation), as well as Oracle label (no defect). The LLMs correctly spotted incorrected configured resource, diverging between dependency (qwen, gpt) and syntax (deepseek), which could both be applied for this ECM."
855f7c950b75f3b3296bc500641c6b8d48068b14,SERVICE,SYNTACTIC,CLEAR,"This ECM is very nuanced between service (Oracle label) and configuration data (deepseek, gpt, qwen, ACID labels), since a problem within configuration data is causing a service issue."
18359e94abcc68b34891ce57752d0209d27e4126,CONFIGURATION_DATA,SEMANTIC,AMBIGUOUS,"High disagreement across all strategies. This ECM could admit more than configuration data label, such as service or idempotency, since it's dealing with s3 cleanup executions and config data."
1443a17090ee7407c9d9dfa34ae4698e5d2aeaa5,DOCUMENTATION,SEMANTIC,AMBIGUOUS,"All LLMs agreed that this ECM presents no defect, since it's only related to lint rules and format. Oracle label is inaccurate."
89e3616548b372044367872736ec6a5ae339bc13,NO_DEFECT,SEMANTIC,CLEAR,UA
8e6afacd062988f9507394d791be4aed0a963f6a,NO_DEFECT,SYNTACTIC,AMBIGUOUS,"This ECM label depends on user intent, which was not clear if their were adding a feature or fixing a defect. Either way, there's a change in configuration data, which deepseek and qwen agreed on and justified fairly, relating it to user intent. ACID and gpt were off with security and idempotency, respectively."
c95cf4402c8d3c1f71440c566a0b3d8caa2090b2,CONDITIONAL,SYNTACTIC,AMBIGUOUS,UA
13c1baf7882b50a3a076c6dee442f0785659fa41,DOCUMENTATION,SYNTACTIC,AMBIGUOUS,"This ECM cannot be labeled as documentation defect, since ""fixes"" are related to lint and warnings. Overall, it's just a feature (as the author mentioned in the commit message), no defect as gpt and deepseek stated. I'm not sure, however, if the qwen classification could fit into the security category, but it's more about maintainability than a defect fix."
2664dbcc87c73cb17c541878dea1c0d5e91b57a0,DOCUMENTATION,SYNTACTIC,CLEAR,"Although marking ECM semantic requirement as syntactic (due to obvious documentation keywords), semantic information is needed to interpret code change."
2bbe46a091f677134448fef80e855c2ec5889ad4,SERVICE,SYNTACTIC,CLEAR,"High disagreement among LLMs, with only deepseek providing a fair answer (configuration data), despite Oracle label (service); an overlap of definitions is possible in this case."
c985b879fbed067e615af9c7ee257ef54d939c14,DEPENDENCY,SEMANTIC,AMBIGUOUS,"High disagreement among LLMs, with only deepseek getting it right to match Oracle label (dependency), however gpt's perspective of security was also a valid point."
65d5be386d81da81f9fbaee07099776720c602c0,SYNTAX,SYNTACTIC,CLEAR,UA
4805b28bf65365217bcf4f06ab51c7e54b689949,CONFIGURATION_DATA,SEMANTIC,AMBIGUOUS,"High agreement among LLMs on a different, more suited category for this ECM: security. It's more specific and accurate than simply a configuration data (Oracle, ACID)."
c678e6762b3ea2085996db43b48b93b1344a37ab,NO_DEFECT,SYNTACTIC,CLEAR,"Despite 'feature' indication in commit message, gpt and qwen got it wrong as configuration data, instead of no defect."
f460b2723878c5babd6ddba016d56f4dbb5b03e1,DEPENDENCY,SEMANTIC,AMBIGUOUS,"This ECM should primarily be labeled a idempotency defect, according to author's intent. Oracle raters pointed out dependency defect without clear evidence to support that."
46d2178779443a4fb3a5368b218eb52ab4dc7feb,NO_DEFECT,SYNTACTIC,AMBIGUOUS,"This ECM should be labeled as a security defect, despite lack of indication for that. Qwen and deepseek outlined that."
