hash,model,oracle-normalized,model-normalized,mechanism-secondary-tag,label_certainty,word-note
0f7e0a80ce28ee62ec7230a90f3e6ee57046cfa4,DeepSeek,CONFIGURATION_DATA,SERVICE,TAXONOMY_OVERLAP,AMBIGUOUS,Model selected the close category that would apply as well. Correctly described change.
0f7e0a80ce28ee62ec7230a90f3e6ee57046cfa4,GPT,CONFIGURATION_DATA,SERVICE,TAXONOMY_OVERLAP,AMBIGUOUS,Model selected the close category that would apply as well. Correctly described change.
0f7e0a80ce28ee62ec7230a90f3e6ee57046cfa4,Qwen3,CONFIGURATION_DATA,SERVICE,TAXONOMY_OVERLAP,AMBIGUOUS,Model selected the close category that would apply as well. Correctly described change.
18359e94abcc68b34891ce57752d0209d27e4126,DeepSeek,CONFIGURATION_DATA,SERVICE,TAXONOMY_OVERLAP,AMBIGUOUS,"Model correctly described change, but emphasized the service fix caused by improper configuration data."
18359e94abcc68b34891ce57752d0209d27e4126,GPT,CONFIGURATION_DATA,IDEMPOTENCY,SPECIFIC_DEFECT,AMBIGUOUS,Model identified constraints in configuration data being added to assure idempotency.
1ce18ea7eb08d974be4838d5fdfb63d20782de16,Qwen3,CONFIGURATION_DATA,CONDITIONAL,SPECIFIC_DEFECT,AMBIGUOUS,Model clearly spotted configuration related to wrong conditional settings.
25400158d35c61b2a5cdf2ecc7b3abdaba118301,DeepSeek,CONFIGURATION_DATA,DOCUMENTATION,SPECIFIC_DEFECT,CLEAR,"Model focused on major documentation change, that did a complete 180 in meaning. The remaining changes seem more like features or refactorings."
25400158d35c61b2a5cdf2ecc7b3abdaba118301,GPT,CONFIGURATION_DATA,SECURITY,SPECIFIC_DEFECT,CLEAR,"Model focused on the fix mentioned by author in commit message, related to a security fix of a vault policy permission. The remaining changes seem more like features or refactorings."
2dcffba5f5ef8509499cf977849be66233346d2e,GPT,CONFIGURATION_DATA,SECURITY,SPECIFIC_DEFECT,CLEAR,"Model focused on the security aspect of the S3 configuration fix, which replaced s3 previous secret access."
2dcffba5f5ef8509499cf977849be66233346d2e,Qwen3,CONFIGURATION_DATA,SECURITY,SPECIFIC_DEFECT,CLEAR,"Model focused on the security aspect of the S3 configuration fix, which replaced s3 previous secret access."
327a5d19ae578fe338778cfc657b3ad8b651aa7c,GPT,CONFIGURATION_DATA,DEPENDENCY,SPECIFIC_DEFECT,AMBIGUOUS,"The model described change fix as a dependency defect, since author mentions breaking change in the commit message."
327a5d19ae578fe338778cfc657b3ad8b651aa7c,Qwen3,CONFIGURATION_DATA,DEPENDENCY,SPECIFIC_DEFECT,AMBIGUOUS,"The model described change fix as a dependency defect since it changes configuration to meet EKS cluster requirements (model mention ""configuration"" in its reason)."
47ff5624f666715850b97b340f32c435dd503907,GPT,CONFIGURATION_DATA,SERVICE,DEFECT_VS_FEATURE,CLEAR,"Although ECM majoritarily presents configuration data changes, model did focus on the service configuration to manage existing Airbyte Vault resource."
4805b28bf65365217bcf4f06ab51c7e54b689949,DeepSeek,CONFIGURATION_DATA,SECURITY,TAXONOMY_OVERLAP,AMBIGUOUS,"Given commit topic, defect definition, model correctly described change and labeled it as a security defect fix."
4805b28bf65365217bcf4f06ab51c7e54b689949,GPT,CONFIGURATION_DATA,SECURITY,TAXONOMY_OVERLAP,AMBIGUOUS,"Given commit topic, defect definition, model correctly described change and labeled it as a security defect fix."
4805b28bf65365217bcf4f06ab51c7e54b689949,Qwen3,CONFIGURATION_DATA,SECURITY,TAXONOMY_OVERLAP,AMBIGUOUS,"Given commit topic, defect definition, model correctly described change and labeled it as a security defect fix."
4f82a995f6c99fe65684f997b125fe1f2f535ffd,GPT,CONFIGURATION_DATA,SECURITY,SPECIFIC_DEFECT,AMBIGUOUS,Model highlighted overly permissive policy that was created and did not focused on the defect that was being fixed.
4f82a995f6c99fe65684f997b125fe1f2f535ffd,Qwen3,CONFIGURATION_DATA,SECURITY,SPECIFIC_DEFECT,AMBIGUOUS,"Model highlighted SSL configurations, that are more related to security than config defect."
54534fa839439e94411816aa104fc0abcc51e6a0,DeepSeek,CONFIGURATION_DATA,DOCUMENTATION,SPECIFIC_DEFECT,CLEAR,"Model focused on documentation aspect of this ECM, also mentioning configuration data removal."
5475a129d25740df814250cd2cf42c10e368eaaf,GPT,CONFIGURATION_DATA,SYNTAX,SPECIFIC_DEFECT,AMBIGUOUS,"Model correctly identified the ECM defect, unlike the oracle raters, which was about a syntax error correction, not the configuration data that was being adjusted (not changed) in the diff."
5475a129d25740df814250cd2cf42c10e368eaaf,Qwen3,CONFIGURATION_DATA,SYNTAX,SPECIFIC_DEFECT,AMBIGUOUS,"Model correctly identified the ECM defect, unlike the oracle raters, which was about a syntax error correction, not the configuration data that was being adjusted (not changed) in the diff."
7348bc0177c2a4074a224aa8b9839018fe924e4a,DeepSeek,CONFIGURATION_DATA,NO_DEFECT,DEFECT_VS_FEATURE,AMBIGUOUS,"Model described change, which was not perceived as a defect, rather a featuring of extended timeout (it was acceptable since author did not flag a fix)."
7348bc0177c2a4074a224aa8b9839018fe924e4a,GPT,CONFIGURATION_DATA,SERVICE,TAXONOMY_OVERLAP,AMBIGUOUS,"Model correctly described changes and associated that with a service defect instead of a configuration data defect, since it was also possible since a ecs service had its timeout extended."
8f6fd48bf45aba59055e34303d0b456cf437c833,DeepSeek,CONFIGURATION_DATA,NO_DEFECT,DEFECT_VS_FEATURE,AMBIGUOUS,"The model classified it as no defect, identifying is as a refactoring rather than a misconfiguration fix."
8f6fd48bf45aba59055e34303d0b456cf437c833,GPT,CONFIGURATION_DATA,NO_DEFECT,DEFECT_VS_FEATURE,AMBIGUOUS,"The model classified it as no defect, identifying is as a refactoring rather than a misconfiguration fix."
98ddb9872ee512c99c1b69bc270c6a824fc538f9,GPT,CONFIGURATION_DATA,DOCUMENTATION,SPECIFIC_DEFECT,AMBIGUOUS,Model pointed out the large documentation section removal upon this release ECM.
aa0970f2b5ace59f2df41dd29d2b1f9236652bd6,DeepSeek,CONFIGURATION_DATA,NO_DEFECT,DEFECT_VS_FEATURE,AMBIGUOUS,"Model did not spot a defect fix, but a feature/maintainability addition."
aa0970f2b5ace59f2df41dd29d2b1f9236652bd6,Qwen3,CONFIGURATION_DATA,NO_DEFECT,DEFECT_VS_FEATURE,AMBIGUOUS,"Model did not spot a defect fix, but a feature/maintainability addition."
cb41a081faf9b429c712cacd7ad26ac080faeed1,Qwen3,CONFIGURATION_DATA,DEPENDENCY,TAXONOMY_OVERLAP,CLEAR,Model interpreted configuration data change as a correct specification of dependency (as the defect was corrected).
cb67003e23a1f359fe0a08e83fab38d5bf1276e2,GPT,CONFIGURATION_DATA,DEPENDENCY,TAXONOMY_OVERLAP,AMBIGUOUS,"Model described change correctly, but labeled it as a dependency defect (although it does fall correctly into the prompt definition)."
e1d16954fe6efeb992c679871b280da17a44e554,DeepSeek,CONFIGURATION_DATA,NO_DEFECT,DEFECT_VS_FEATURE,AMBIGUOUS,"Model correctly identified additions, classifying it as no defect."
e1d16954fe6efeb992c679871b280da17a44e554,GPT,CONFIGURATION_DATA,NO_DEFECT,DEFECT_VS_FEATURE,AMBIGUOUS,"Model correctly identified additions, classifying it as no defect."
e1d16954fe6efeb992c679871b280da17a44e554,Qwen3,CONFIGURATION_DATA,SECURITY,SPECIFIC_DEFECT,AMBIGUOUS,"Model mentioned change and the Oracle label, but classified it as a security defect."
