hash,oracle,GPT_pred,GPT_primary,GPT_secondary,DeepSeek_pred,DeepSeek_primary,DeepSeek_secondary,Qwen3_pred,Qwen3_primary,Qwen3_secondary,flagged_by,flagged_count
0f7e0a80ce28ee62ec7230a90f3e6ee57046cfa4,CONFIGURATION_DATA,SERVICE,CONTESTABLE_CASE,TAXONOMY_OVERLAP,SERVICE,CONTESTABLE_CASE,TAXONOMY_OVERLAP,SERVICE,CONTESTABLE_CASE,TAXONOMY_OVERLAP,"GPT, DeepSeek, Qwen3",3
e1d16954fe6efeb992c679871b280da17a44e554,CONFIGURATION_DATA,NO_DEFECT,CONTESTABLE_CASE,DEFECT_VS_FEATURE,NO_DEFECT,CONTESTABLE_CASE,DEFECT_VS_FEATURE,SECURITY,CONTESTABLE_CASE,SPECIFIC_DEFECT,"GPT, DeepSeek, Qwen3",3
4805b28bf65365217bcf4f06ab51c7e54b689949,CONFIGURATION_DATA,SECURITY,CONTESTABLE_CASE,TAXONOMY_OVERLAP,SECURITY,CONTESTABLE_CASE,TAXONOMY_OVERLAP,SECURITY,CONTESTABLE_CASE,TAXONOMY_OVERLAP,"GPT, DeepSeek, Qwen3",3
41d0860c2c71e4a67189e56f745d2f312502612d,DEPENDENCY,NO_DEFECT,CONTESTABLE_CASE,DEFECT_VS_FEATURE,NO_DEFECT,CONTESTABLE_CASE,DEFECT_VS_FEATURE,NO_DEFECT,CONTESTABLE_CASE,DEFECT_VS_FEATURE,"GPT, DeepSeek, Qwen3",3
1443a17090ee7407c9d9dfa34ae4698e5d2aeaa5,DOCUMENTATION,NO_DEFECT,CONTESTABLE_CASE,TAXONOMY_OVERLAP,NO_DEFECT,CONTESTABLE_CASE,TAXONOMY_OVERLAP,NO_DEFECT,CONTESTABLE_CASE,TAXONOMY_OVERLAP,"GPT, DeepSeek, Qwen3",3
86103c65469e9009934b5a31ac04ee3f88e3bd17,DOCUMENTATION,NO_DEFECT,CONTESTABLE_CASE,DEFECT_VS_FEATURE,NO_DEFECT,CONTESTABLE_CASE,DEFECT_VS_FEATURE,NO_DEFECT,CONTESTABLE_CASE,DEFECT_VS_FEATURE,"GPT, DeepSeek, Qwen3",3
ecd64756a8e80b3c9e06e0916e12225daa2df3c7,NO_DEFECT,CONFIGURATION_DATA,CONTESTABLE_CASE,SPECIFIC_DEFECT,DEPENDENCY,CONTESTABLE_CASE,SPECIFIC_DEFECT,DEPENDENCY,CONTESTABLE_CASE,SPECIFIC_DEFECT,"GPT, DeepSeek, Qwen3",3
3b4c6fc25597e4f57982df4fd75f2232f07e2768,NO_DEFECT,SYNTAX,CONTESTABLE_CASE,SPECIFIC_DEFECT,SYNTAX,CONTESTABLE_CASE,SPECIFIC_DEFECT,SYNTAX,CONTESTABLE_CASE,SPECIFIC_DEFECT,"GPT, DeepSeek, Qwen3",3
4b15c4646bfe8e9844fb29ebdc68818bbb201a48,NO_DEFECT,DEPENDENCY,CONTESTABLE_CASE,SPECIFIC_DEFECT,DEPENDENCY,CONTESTABLE_CASE,SPECIFIC_DEFECT,DEPENDENCY,CONTESTABLE_CASE,SPECIFIC_DEFECT,"GPT, DeepSeek, Qwen3",3
00eb6119505380832189c0f69c5074417fd2ae78,NO_DEFECT,DEPENDENCY,CONTESTABLE_CASE,SPECIFIC_DEFECT,SYNTAX,CONTESTABLE_CASE,SPECIFIC_DEFECT,DEPENDENCY,CONTESTABLE_CASE,SPECIFIC_DEFECT,"GPT, DeepSeek, Qwen3",3
b965c5f6835d78e27ae1c92ee191fe3132e26300,SERVICE,DEPENDENCY,CONTESTABLE_CASE,SPECIFIC_DEFECT,DEPENDENCY,CONTESTABLE_CASE,SPECIFIC_DEFECT,DEPENDENCY,CONTESTABLE_CASE,SPECIFIC_DEFECT,"GPT, DeepSeek, Qwen3",3
8b8963398af55a9c580200212a12044d45a3f28e,SERVICE,NO_DEFECT,CONTESTABLE_CASE,TAXONOMY_OVERLAP,NO_DEFECT,CONTESTABLE_CASE,TAXONOMY_OVERLAP,NO_DEFECT,CONTESTABLE_CASE,TAXONOMY_OVERLAP,"GPT, DeepSeek, Qwen3",3
f469f0cc078bbd617fc676506ab47c2840acd82d,SERVICE,NO_DEFECT,CONTESTABLE_CASE,DEFECT_VS_FEATURE,NO_DEFECT,CONTESTABLE_CASE,DEFECT_VS_FEATURE,NO_DEFECT,CONTESTABLE_CASE,DEFECT_VS_FEATURE,"GPT, DeepSeek, Qwen3",3
e37f5561b71661d90ea465b551f3042b2fb27e15,SERVICE,CONFIGURATION_DATA,CONTESTABLE_CASE,TAXONOMY_OVERLAP,NO_DEFECT,CONTESTABLE_CASE,DEFECT_VS_FEATURE,CONFIGURATION_DATA,CONTESTABLE_CASE,TAXONOMY_OVERLAP,"GPT, DeepSeek, Qwen3",3
24762e34396d243f6cf5add5c3fc7343459c8a3f,SERVICE,NO_DEFECT,CONTESTABLE_CASE,DEFECT_VS_FEATURE,NO_DEFECT,CONTESTABLE_CASE,DEFECT_VS_FEATURE,SECURITY,CONTESTABLE_CASE,SPECIFIC_DEFECT,"GPT, DeepSeek, Qwen3",3
8f6fd48bf45aba59055e34303d0b456cf437c833,CONFIGURATION_DATA,NO_DEFECT,CONTESTABLE_CASE,DEFECT_VS_FEATURE,NO_DEFECT,CONTESTABLE_CASE,DEFECT_VS_FEATURE,NO_DEFECT,INPUT_DEPENDENCE_FAILURE,DEGENERATE_OUTPUT,"GPT, DeepSeek",2
4f82a995f6c99fe65684f997b125fe1f2f535ffd,CONFIGURATION_DATA,SECURITY,CONTESTABLE_CASE,SPECIFIC_DEFECT,CONFIGURATION_DATA,,,SECURITY,CONTESTABLE_CASE,SPECIFIC_DEFECT,"GPT, Qwen3",2
aa0970f2b5ace59f2df41dd29d2b1f9236652bd6,CONFIGURATION_DATA,SECURITY,SEMANTIC_REASONING_FAILURE,CAUSAL_MISUNDERSTANDING,NO_DEFECT,CONTESTABLE_CASE,DEFECT_VS_FEATURE,NO_DEFECT,CONTESTABLE_CASE,DEFECT_VS_FEATURE,"DeepSeek, Qwen3",2
327a5d19ae578fe338778cfc657b3ad8b651aa7c,CONFIGURATION_DATA,DEPENDENCY,CONTESTABLE_CASE,SPECIFIC_DEFECT,NO_DEFECT,TAXONOMY_MAPPING_FAILURE,WRONG_ADDRESSING_CATEGORY,DEPENDENCY,CONTESTABLE_CASE,SPECIFIC_DEFECT,"GPT, Qwen3",2
7348bc0177c2a4074a224aa8b9839018fe924e4a,CONFIGURATION_DATA,SERVICE,CONTESTABLE_CASE,TAXONOMY_OVERLAP,NO_DEFECT,CONTESTABLE_CASE,DEFECT_VS_FEATURE,CONDITIONAL,TAXONOMY_MAPPING_FAILURE,CATEGORY_BOUNDARY_AMBIGUITY,"GPT, DeepSeek",2
18359e94abcc68b34891ce57752d0209d27e4126,CONFIGURATION_DATA,IDEMPOTENCY,CONTESTABLE_CASE,SPECIFIC_DEFECT,SERVICE,CONTESTABLE_CASE,TAXONOMY_OVERLAP,NO_DEFECT,SEMANTIC_REASONING_FAILURE,CAUSAL_MISUNDERSTANDING,"GPT, DeepSeek",2
5475a129d25740df814250cd2cf42c10e368eaaf,CONFIGURATION_DATA,SYNTAX,CONTESTABLE_CASE,SPECIFIC_DEFECT,NO_DEFECT,SEMANTIC_REASONING_FAILURE,CAUSAL_MISUNDERSTANDING,SYNTAX,CONTESTABLE_CASE,SPECIFIC_DEFECT,"GPT, Qwen3",2
bba8ba7bff3ebecf1e23460b444a97d95f1c3a39,DEPENDENCY,NO_DEFECT,CONTESTABLE_CASE,DEFECT_VS_FEATURE,NO_DEFECT,CONTESTABLE_CASE,DEFECT_VS_FEATURE,NO_DEFECT,INPUT_DEPENDENCE_FAILURE,DEGENERATE_OUTPUT,"GPT, DeepSeek",2
54bf658d9a3ca02c946b360f1aaf764f69a40ae7,DEPENDENCY,CONFIGURATION_DATA,CONTESTABLE_CASE,TAXONOMY_OVERLAP,CONFIGURATION_DATA,CONTESTABLE_CASE,TAXONOMY_OVERLAP,DEPENDENCY,,,"GPT, DeepSeek",2
dc1b333f2bd35dca99017562e24572ea39da37d8,DOCUMENTATION,DEPENDENCY,CONTESTABLE_CASE,SPECIFIC_DEFECT,DOCUMENTATION,,,DEPENDENCY,CONTESTABLE_CASE,SPECIFIC_DEFECT,"GPT, Qwen3",2
f573c71387c1dbaea25bc3dc83a656e1f7a6092a,DOCUMENTATION,DOCUMENTATION,,,SYNTAX,CONTESTABLE_CASE,SPECIFIC_DEFECT,SYNTAX,CONTESTABLE_CASE,SPECIFIC_DEFECT,"DeepSeek, Qwen3",2
51466fe8af33a95ab16aa5a8c508ba3be089c41c,DOCUMENTATION,NO_DEFECT,CONTESTABLE_CASE,SPECIFIC_DEFECT,DOCUMENTATION,,,NO_DEFECT,CONTESTABLE_CASE,SPECIFIC_DEFECT,"GPT, Qwen3",2
13c1baf7882b50a3a076c6dee442f0785659fa41,DOCUMENTATION,NO_DEFECT,CONTESTABLE_CASE,SPECIFIC_DEFECT,NO_DEFECT,CONTESTABLE_CASE,SPECIFIC_DEFECT,SECURITY,SEMANTIC_REASONING_FAILURE,CAUSAL_MISUNDERSTANDING,"GPT, DeepSeek",2
ace64b299b455e620ba8fe010cc95456c60bc730,NO_DEFECT,SECURITY,CONTESTABLE_CASE,SPECIFIC_DEFECT,NO_DEFECT,,,SECURITY,CONTESTABLE_CASE,SPECIFIC_DEFECT,"GPT, Qwen3",2
8e6afacd062988f9507394d791be4aed0a963f6a,NO_DEFECT,IDEMPOTENCY,SEMANTIC_REASONING_FAILURE,CAUSAL_MISUNDERSTANDING,CONFIGURATION_DATA,CONTESTABLE_CASE,DEFECT_VS_FEATURE,CONFIGURATION_DATA,CONTESTABLE_CASE,DEFECT_VS_FEATURE,"DeepSeek, Qwen3",2
46d2178779443a4fb3a5368b218eb52ab4dc7feb,NO_DEFECT,NO_DEFECT,,,SECURITY,CONTESTABLE_CASE,SPECIFIC_DEFECT,SECURITY,CONTESTABLE_CASE,SPECIFIC_DEFECT,"DeepSeek, Qwen3",2
d2a762b5b44b75bc28c056e78ac68efa555f3e25,NO_DEFECT,DEPENDENCY,CONTESTABLE_CASE,SPECIFIC_DEFECT,NO_DEFECT,,,DEPENDENCY,CONTESTABLE_CASE,SPECIFIC_DEFECT,"GPT, Qwen3",2
d4d9d93ed8279a41f95a0f0cef537b7b605bcef7,SECURITY,SYNTAX,SEMANTIC_REASONING_FAILURE,SCOPE_CONFUSION,NO_DEFECT,CONTESTABLE_CASE,DEFECT_VS_FEATURE,CONFIGURATION_DATA,CONTESTABLE_CASE,TAXONOMY_OVERLAP,"DeepSeek, Qwen3",2
995374b472e0b40b96b38bb0ed5a3bf484e27de5,SERVICE,IDEMPOTENCY,CONTESTABLE_CASE,SPECIFIC_DEFECT,IDEMPOTENCY,CONTESTABLE_CASE,SPECIFIC_DEFECT,CONFIGURATION_DATA,SEMANTIC_REASONING_FAILURE,SCOPE_CONFUSION,"GPT, DeepSeek",2
f5f7ed9dddb025a9df10563e19236ae6968acf08,SERVICE,DEPENDENCY,CONTESTABLE_CASE,TAXONOMY_OVERLAP,NO_DEFECT,SEMANTIC_REASONING_FAILURE,SCOPE_CONFUSION,DEPENDENCY,CONTESTABLE_CASE,TAXONOMY_OVERLAP,"GPT, Qwen3",2
dc0affc60528146a2b36d5234d717c826f30dae2,CONDITIONAL,IDEMPOTENCY,SEMANTIC_REASONING_FAILURE,IMPLICIT_CONTEXT_MISSING,NO_DEFECT,CONTESTABLE_CASE,DEFECT_VS_FEATURE,CONDITIONAL,,,DeepSeek,1
f10e90f834b592809a5a9fe95ad56afeba3b51e5,CONDITIONAL,CONFIGURATION_DATA,CONTESTABLE_CASE,SPECIFIC_DEFECT,CONDITIONAL,,,CONDITIONAL,,,GPT,1
98ddb9872ee512c99c1b69bc270c6a824fc538f9,CONFIGURATION_DATA,DOCUMENTATION,CONTESTABLE_CASE,SPECIFIC_DEFECT,NO_DEFECT,SEMANTIC_REASONING_FAILURE,SCOPE_CONFUSION,NO_DEFECT,SEMANTIC_REASONING_FAILURE,SCOPE_CONFUSION,GPT,1
cb67003e23a1f359fe0a08e83fab38d5bf1276e2,CONFIGURATION_DATA,DEPENDENCY,CONTESTABLE_CASE,TAXONOMY_OVERLAP,CONFIGURATION_DATA,,,CONFIGURATION_DATA,,,GPT,1
1ce18ea7eb08d974be4838d5fdfb63d20782de16,CONFIGURATION_DATA,CONFIGURATION_DATA,,,CONFIGURATION_DATA,,,CONDITIONAL,CONTESTABLE_CASE,SPECIFIC_DEFECT,Qwen3,1
9464f26dacdf4d7af4d61eabda1fd7dea141e855,DEPENDENCY,CONFIGURATION_DATA,TAXONOMY_MAPPING_FAILURE,CATEGORY_BOUNDARY_AMBIGUITY,NO_DEFECT,INPUT_DEPENDENCE_FAILURE,DEGENERATE_OUTPUT,SYNTAX,CONTESTABLE_CASE,SPECIFIC_DEFECT,Qwen3,1
f460b2723878c5babd6ddba016d56f4dbb5b03e1,DEPENDENCY,IDEMPOTENCY,CONTESTABLE_CASE,SPECIFIC_DEFECT,NO_DEFECT,TAXONOMY_MAPPING_FAILURE,WRONG_ADDRESSING_CATEGORY,NO_DEFECT,SEMANTIC_REASONING_FAILURE,SCOPE_CONFUSION,GPT,1
c985b879fbed067e615af9c7ee257ef54d939c14,DEPENDENCY,SECURITY,CONTESTABLE_CASE,SPECIFIC_DEFECT,DEPENDENCY,,,SYNTAX,SEMANTIC_REASONING_FAILURE,SCOPE_CONFUSION,GPT,1
506330296e685305b9eaae5450bf616413b4ebb7,NO_DEFECT,SECURITY,SEMANTIC_REASONING_FAILURE,SCOPE_CONFUSION,DOCUMENTATION,CONTESTABLE_CASE,TAXONOMY_OVERLAP,CONFIGURATION_DATA,SEMANTIC_REASONING_FAILURE,SCOPE_CONFUSION,DeepSeek,1
2f4b88e93711910f786e67aad6425f291ccd4c8a,SECURITY,CONDITIONAL,CONTESTABLE_CASE,SPECIFIC_DEFECT,NO_DEFECT,SEMANTIC_REASONING_FAILURE,CAUSAL_MISUNDERSTANDING,SECURITY,,,GPT,1
65ebe27f12cc6fee6fcc7e02a2a30d55f5f9c91d,SERVICE,DEPENDENCY,CONTESTABLE_CASE,SPECIFIC_DEFECT,NO_DEFECT,SEMANTIC_REASONING_FAILURE,SCOPE_CONFUSION,SERVICE,,,GPT,1
9ee738f009ab26daf9c4205b53b097ff6fab8368,SYNTAX,SYNTAX,,,DEPENDENCY,CONTESTABLE_CASE,TAXONOMY_OVERLAP,SYNTAX,,,DeepSeek,1
2913893702f4856ab43955b682c3db7daf80f575,SYNTAX,NO_DEFECT,CONTESTABLE_CASE,DEFECT_VS_FEATURE,SYNTAX,,,SYNTAX,,,GPT,1
5b554ca750ac5988263543b65ec415ea8581efc0,CONDITIONAL,CONDITIONAL,,,NO_DEFECT,SEMANTIC_REASONING_FAILURE,SCOPE_CONFUSION,CONFIGURATION_DATA,SEMANTIC_REASONING_FAILURE,SCOPE_CONFUSION,,0
c95cf4402c8d3c1f71440c566a0b3d8caa2090b2,CONDITIONAL,CONDITIONAL,,,CONDITIONAL,,,CONDITIONAL,,,,0
9e00c4192170771ddcfdede3ac8f5c5be27cb522,CONFIGURATION_DATA,CONFIGURATION_DATA,,,CONFIGURATION_DATA,,,CONFIGURATION_DATA,,,,0
b6d9fa9898e9ae2e2054effc8e500a60acf8b4c3,CONFIGURATION_DATA,NO_DEFECT,TAXONOMY_MAPPING_FAILURE,WRONG_ADDRESSING_CATEGORY,NO_DEFECT,TAXONOMY_MAPPING_FAILURE,WRONG_ADDRESSING_CATEGORY,DEPENDENCY,TAXONOMY_MAPPING_FAILURE,CATEGORY_BOUNDARY_AMBIGUITY,,0
eb1445f057daca7472517ecd176dec8903dff87a,CONFIGURATION_DATA,NO_DEFECT,SEMANTIC_REASONING_FAILURE,CAUSAL_MISUNDERSTANDING,NO_DEFECT,SEMANTIC_REASONING_FAILURE,CAUSAL_MISUNDERSTANDING,NO_DEFECT,SEMANTIC_REASONING_FAILURE,CAUSAL_MISUNDERSTANDING,,0
7612276ef1a82971b164712fce8f26f73cac82ef,CONFIGURATION_DATA,CONFIGURATION_DATA,,,CONFIGURATION_DATA,,,NO_DEFECT,INPUT_DEPENDENCE_FAILURE,DEGENERATE_OUTPUT,,0
725c867a181ab85241f37fc3e989a1aedc1ccd83,CONFIGURATION_DATA,CONFIGURATION_DATA,,,CONFIGURATION_DATA,,,CONFIGURATION_DATA,,,,0
9a2c0436152f37b139d426fb0638c6c06640186d,CONFIGURATION_DATA,CONFIGURATION_DATA,,,CONFIGURATION_DATA,,,CONFIGURATION_DATA,,,,0
550d0cc927df1a62d69acdb184576ec3a583e5f8,DEPENDENCY,DOCUMENTATION,INPUT_DEPENDENCE_FAILURE,KEYWORD_OVER_RELIANCE,DOCUMENTATION,INPUT_DEPENDENCE_FAILURE,KEYWORD_OVER_RELIANCE,SYNTAX,TAXONOMY_MAPPING_FAILURE,CATEGORY_BOUNDARY_AMBIGUITY,,0
52ba8f9695599593743640b073c0b4c380624e99,DEPENDENCY,DEPENDENCY,,,DEPENDENCY,,,DEPENDENCY,,,,0
5337e5f8413c101317e307000fd1b2312e9d2b2e,DEPENDENCY,DEPENDENCY,,,NO_DEFECT,SEMANTIC_REASONING_FAILURE,SCOPE_CONFUSION,DEPENDENCY,,,,0
4e2a308c86798b6285c7bf5da88dd8cc316c11a8,NO_DEFECT,NO_DEFECT,,,NO_DEFECT,,,NO_DEFECT,,,,0
713ceda318ccf45b0029fdfd32115084e1bd0667,NO_DEFECT,NO_DEFECT,,,NO_DEFECT,,,NO_DEFECT,,,,0
d65b434ac2dd95d9b7b9fb356e3a4642060bcc0a,NO_DEFECT,NO_DEFECT,,,NO_DEFECT,,,NO_DEFECT,,,,0
9340a4d8927fbe2e3f126661daa1f94cfe382a5e,NO_DEFECT,NO_DEFECT,,,NO_DEFECT,,,NO_DEFECT,,,,0
af83c4d7ec0d55322f3826b2c14b035871be7ec3,NO_DEFECT,NO_DEFECT,,,NO_DEFECT,,,NO_DEFECT,,,,0
466d84b5693747894a582424030ba3231b7fab89,SECURITY,SECURITY,,,SECURITY,,,SECURITY,,,,0
b9292853ba2ec5c3d181a7bafe5136b1b70cb479,SYNTAX,SYNTAX,,,SYNTAX,,,SYNTAX,,,,0
2d803a9b97c5dd4102b4f4041087b15d7d5f06d2,SYNTAX,CONFIGURATION_DATA,TAXONOMY_MAPPING_FAILURE,OVER_GENERALIZATION,DOCUMENTATION,TAXONOMY_MAPPING_FAILURE,WRONG_ADDRESSING_CATEGORY,DOCUMENTATION,TAXONOMY_MAPPING_FAILURE,WRONG_ADDRESSING_CATEGORY,,0
