hash,GPT,DeepSeek,Qwen3,oracle
cb67003e23a1f359fe0a08e83fab38d5bf1276e2,DEPENDENCY,CONFIGURATION_DATA,CONFIGURATION_DATA,CONFIGURATION_DATA
7612276ef1a82971b164712fce8f26f73cac82ef,CONFIGURATION_DATA,CONFIGURATION_DATA,NO_DEFECT,CONFIGURATION_DATA
506330296e685305b9eaae5450bf616413b4ebb7,SECURITY,DOCUMENTATION,CONFIGURATION_DATA,NO_DEFECT
5475a129d25740df814250cd2cf42c10e368eaaf,SYNTAX,NO_DEFECT,SYNTAX,CONFIGURATION_DATA
7348bc0177c2a4074a224aa8b9839018fe924e4a,SERVICE,NO_DEFECT,CONDITIONAL,CONFIGURATION_DATA
9464f26dacdf4d7af4d61eabda1fd7dea141e855,CONFIGURATION_DATA,NO_DEFECT,SYNTAX,DEPENDENCY
f573c71387c1dbaea25bc3dc83a656e1f7a6092a,DOCUMENTATION,SYNTAX,SYNTAX,DOCUMENTATION
f5f7ed9dddb025a9df10563e19236ae6968acf08,DEPENDENCY,NO_DEFECT,DEPENDENCY,SERVICE
4f82a995f6c99fe65684f997b125fe1f2f535ffd,SECURITY,CONFIGURATION_DATA,SECURITY,CONFIGURATION_DATA
2d803a9b97c5dd4102b4f4041087b15d7d5f06d2,CONFIGURATION_DATA,DOCUMENTATION,DOCUMENTATION,SYNTAX
e37f5561b71661d90ea465b551f3042b2fb27e15,CONFIGURATION_DATA,NO_DEFECT,CONFIGURATION_DATA,SERVICE
e1d16954fe6efeb992c679871b280da17a44e554,NO_DEFECT,NO_DEFECT,SECURITY,CONFIGURATION_DATA
9ee738f009ab26daf9c4205b53b097ff6fab8368,SYNTAX,DEPENDENCY,SYNTAX,SYNTAX
5b554ca750ac5988263543b65ec415ea8581efc0,CONDITIONAL,NO_DEFECT,CONFIGURATION_DATA,CONDITIONAL
24762e34396d243f6cf5add5c3fc7343459c8a3f,NO_DEFECT,NO_DEFECT,SECURITY,SERVICE
d4d9d93ed8279a41f95a0f0cef537b7b605bcef7,SYNTAX,NO_DEFECT,CONFIGURATION_DATA,SECURITY
dc0affc60528146a2b36d5234d717c826f30dae2,IDEMPOTENCY,NO_DEFECT,CONDITIONAL,CONDITIONAL
ecd64756a8e80b3c9e06e0916e12225daa2df3c7,CONFIGURATION_DATA,DEPENDENCY,DEPENDENCY,NO_DEFECT
2f4b88e93711910f786e67aad6425f291ccd4c8a,CONDITIONAL,NO_DEFECT,SECURITY,SECURITY
51466fe8af33a95ab16aa5a8c508ba3be089c41c,NO_DEFECT,DOCUMENTATION,NO_DEFECT,DOCUMENTATION
1ce18ea7eb08d974be4838d5fdfb63d20782de16,CONFIGURATION_DATA,CONFIGURATION_DATA,CONDITIONAL,CONFIGURATION_DATA
98ddb9872ee512c99c1b69bc270c6a824fc538f9,DOCUMENTATION,NO_DEFECT,NO_DEFECT,CONFIGURATION_DATA
550d0cc927df1a62d69acdb184576ec3a583e5f8,DOCUMENTATION,DOCUMENTATION,SYNTAX,DEPENDENCY
b6d9fa9898e9ae2e2054effc8e500a60acf8b4c3,NO_DEFECT,NO_DEFECT,DEPENDENCY,CONFIGURATION_DATA
ace64b299b455e620ba8fe010cc95456c60bc730,SECURITY,NO_DEFECT,SECURITY,NO_DEFECT
65ebe27f12cc6fee6fcc7e02a2a30d55f5f9c91d,DEPENDENCY,NO_DEFECT,SERVICE,SERVICE
aa0970f2b5ace59f2df41dd29d2b1f9236652bd6,SECURITY,NO_DEFECT,NO_DEFECT,CONFIGURATION_DATA
5337e5f8413c101317e307000fd1b2312e9d2b2e,DEPENDENCY,NO_DEFECT,DEPENDENCY,DEPENDENCY
d2a762b5b44b75bc28c056e78ac68efa555f3e25,DEPENDENCY,NO_DEFECT,DEPENDENCY,NO_DEFECT
327a5d19ae578fe338778cfc657b3ad8b651aa7c,DEPENDENCY,NO_DEFECT,DEPENDENCY,CONFIGURATION_DATA
995374b472e0b40b96b38bb0ed5a3bf484e27de5,IDEMPOTENCY,IDEMPOTENCY,CONFIGURATION_DATA,SERVICE
54bf658d9a3ca02c946b360f1aaf764f69a40ae7,CONFIGURATION_DATA,CONFIGURATION_DATA,DEPENDENCY,DEPENDENCY
2913893702f4856ab43955b682c3db7daf80f575,NO_DEFECT,SYNTAX,SYNTAX,SYNTAX
dc1b333f2bd35dca99017562e24572ea39da37d8,DEPENDENCY,DOCUMENTATION,DEPENDENCY,DOCUMENTATION
f10e90f834b592809a5a9fe95ad56afeba3b51e5,CONFIGURATION_DATA,CONDITIONAL,CONDITIONAL,CONDITIONAL
00eb6119505380832189c0f69c5074417fd2ae78,DEPENDENCY,SYNTAX,DEPENDENCY,NO_DEFECT
18359e94abcc68b34891ce57752d0209d27e4126,IDEMPOTENCY,SERVICE,NO_DEFECT,CONFIGURATION_DATA
8e6afacd062988f9507394d791be4aed0a963f6a,IDEMPOTENCY,CONFIGURATION_DATA,CONFIGURATION_DATA,NO_DEFECT
13c1baf7882b50a3a076c6dee442f0785659fa41,NO_DEFECT,NO_DEFECT,SECURITY,DOCUMENTATION
c985b879fbed067e615af9c7ee257ef54d939c14,SECURITY,DEPENDENCY,SYNTAX,DEPENDENCY
f460b2723878c5babd6ddba016d56f4dbb5b03e1,IDEMPOTENCY,NO_DEFECT,NO_DEFECT,DEPENDENCY
46d2178779443a4fb3a5368b218eb52ab4dc7feb,NO_DEFECT,SECURITY,SECURITY,NO_DEFECT
