hash,oracle,acid,gpt,qwen3,deepseek
acceb5180a6c262fcc502b7ff16fd9c708fd8eca,NO_DEFECT,NO_DEFECT,NO_DEFECT,NO_DEFECT,NO_DEFECT
bba8ba7bff3ebecf1e23460b444a97d95f1c3a39,DEPENDENCY,CONDITIONAL,NO_DEFECT,NO_DEFECT,NO_DEFECT
bcd4ee9909d396b04ad918fff7e140bd854eeb28,IDEMPOTENCY,IDEMPOTENCY,NO_DEFECT,NO_DEFECT,IDEMPOTENCY
48a1189077d2edd5d9be04eb49f52093f9bc3e01,NO_DEFECT,NO_DEFECT,NO_DEFECT,NO_DEFECT,NO_DEFECT
cb67003e23a1f359fe0a08e83fab38d5bf1276e2,CONFIGURATION_DATA,CONFIGURATION_DATA,DEPENDENCY,CONFIGURATION_DATA,CONFIGURATION_DATA
7612276ef1a82971b164712fce8f26f73cac82ef,CONFIGURATION_DATA,CONFIGURATION_DATA,CONFIGURATION_DATA,NO_DEFECT,CONFIGURATION_DATA
af83c4d7ec0d55322f3826b2c14b035871be7ec3,NO_DEFECT,NO_DEFECT,NO_DEFECT,NO_DEFECT,NO_DEFECT
0371b61b0407893cbe456edabe56fab200f3066f,DEPENDENCY,DEPENDENCY,DEPENDENCY,NO_DEFECT,DEPENDENCY
8f6fd48bf45aba59055e34303d0b456cf437c833,CONFIGURATION_DATA,CONFIGURATION_DATA,NO_DEFECT,NO_DEFECT,NO_DEFECT
51361d5e2898d4d79e68cfe0e50f1c691ae17ed8,CONFIGURATION_DATA,CONFIGURATION_DATA,CONFIGURATION_DATA,NO_DEFECT,CONFIGURATION_DATA
506330296e685305b9eaae5450bf616413b4ebb7,NO_DEFECT,NO_DEFECT,SECURITY,CONFIGURATION_DATA,DOCUMENTATION
1b64b779a8d5cf651d962176c12f8ac1f6e9fe9e,SECURITY,SECURITY,SECURITY,SECURITY,CONFIGURATION_DATA
fe70605ed9c06b2efd8675da5567d1dd2362986c,SYNTAX,SYNTAX,SYNTAX,SYNTAX,SYNTAX
698799eab4a41d99e38753f6e9170eebf54a07a1,CONFIGURATION_DATA,CONFIGURATION_DATA,SECURITY,CONFIGURATION_DATA,CONFIGURATION_DATA
5475a129d25740df814250cd2cf42c10e368eaaf,CONFIGURATION_DATA,CONFIGURATION_DATA,SYNTAX,SYNTAX,NO_DEFECT
86103c65469e9009934b5a31ac04ee3f88e3bd17,DOCUMENTATION,DOCUMENTATION,NO_DEFECT,NO_DEFECT,NO_DEFECT
ea535a275570928b9546197eb8a2aa0e13e4b571,CONFIGURATION_DATA,CONFIGURATION_DATA,CONFIGURATION_DATA,CONFIGURATION_DATA,CONFIGURATION_DATA
7348bc0177c2a4074a224aa8b9839018fe924e4a,CONFIGURATION_DATA,CONFIGURATION_DATA,SERVICE,CONDITIONAL,NO_DEFECT
9464f26dacdf4d7af4d61eabda1fd7dea141e855,DEPENDENCY,DEPENDENCY,CONFIGURATION_DATA,SYNTAX,NO_DEFECT
f573c71387c1dbaea25bc3dc83a656e1f7a6092a,DOCUMENTATION,DOCUMENTATION,DOCUMENTATION,SYNTAX,SYNTAX
0420d1bcd31766b7c6696d33f6fb3d9e15e2348d,NO_DEFECT,NO_DEFECT,NO_DEFECT,NO_DEFECT,NO_DEFECT
eb1445f057daca7472517ecd176dec8903dff87a,CONFIGURATION_DATA,NO_DEFECT,NO_DEFECT,NO_DEFECT,NO_DEFECT
d65b434ac2dd95d9b7b9fb356e3a4642060bcc0a,NO_DEFECT,CONFIGURATION_DATA,NO_DEFECT,NO_DEFECT,NO_DEFECT
2cc7dcfa522d32fea8b02ac122a9567a332c18f0,CONFIGURATION_DATA,CONFIGURATION_DATA,CONFIGURATION_DATA,CONFIGURATION_DATA,CONFIGURATION_DATA
5d53ae97c9a66737ae1e2610104a5d345a1559a2,NO_DEFECT,CONFIGURATION_DATA,NO_DEFECT,NO_DEFECT,DOCUMENTATION
643f6e61843d9cd8845542129e9ad639abd42979,DOCUMENTATION,DOCUMENTATION,DOCUMENTATION,DOCUMENTATION,NO_DEFECT
e2dc6dd43ee9744b0ca420911a7731306c85b823,CONFIGURATION_DATA,CONFIGURATION_DATA,CONFIGURATION_DATA,CONFIGURATION_DATA,CONFIGURATION_DATA
f5f7ed9dddb025a9df10563e19236ae6968acf08,SERVICE,SERVICE,DEPENDENCY,DEPENDENCY,NO_DEFECT
08caca6592779bf64803bcbc65735da4578103de,DOCUMENTATION,DOCUMENTATION,DOCUMENTATION,NO_DEFECT,NO_DEFECT
2dcffba5f5ef8509499cf977849be66233346d2e,CONFIGURATION_DATA,CONFIGURATION_DATA,SECURITY,SECURITY,CONFIGURATION_DATA
3552eaea5ee128e070a04190979ac5d7b484ec8b,NO_DEFECT,NO_DEFECT,NO_DEFECT,NO_DEFECT,NO_DEFECT
e185fa4e9b1f4710ff9502960b2fe07579174db9,CONFIGURATION_DATA,CONFIGURATION_DATA,CONFIGURATION_DATA,CONFIGURATION_DATA,CONFIGURATION_DATA
4b15c4646bfe8e9844fb29ebdc68818bbb201a48,NO_DEFECT,NO_DEFECT,DEPENDENCY,DEPENDENCY,DEPENDENCY
ea9961df26ed7e9d8ae2f248875f5e0c09469641,SECURITY,SECURITY,SECURITY,SECURITY,SECURITY
0f7e0a80ce28ee62ec7230a90f3e6ee57046cfa4,CONFIGURATION_DATA,CONFIGURATION_DATA,SERVICE,SERVICE,SERVICE
cee1b30330031c2166f6337f9fb717ed74d8e314,SERVICE,SERVICE,SERVICE,SERVICE,SERVICE
4f82a995f6c99fe65684f997b125fe1f2f535ffd,CONFIGURATION_DATA,CONFIGURATION_DATA,SECURITY,SECURITY,CONFIGURATION_DATA
9340a4d8927fbe2e3f126661daa1f94cfe382a5e,NO_DEFECT,NO_DEFECT,NO_DEFECT,NO_DEFECT,NO_DEFECT
2d803a9b97c5dd4102b4f4041087b15d7d5f06d2,SYNTAX,SYNTAX,CONFIGURATION_DATA,DOCUMENTATION,DOCUMENTATION
4e2a308c86798b6285c7bf5da88dd8cc316c11a8,NO_DEFECT,NO_DEFECT,NO_DEFECT,NO_DEFECT,NO_DEFECT
f5729169bb18f9ab4847b8b30c3292b444ceba2b,CONFIGURATION_DATA,CONFIGURATION_DATA,CONFIGURATION_DATA,CONFIGURATION_DATA,CONFIGURATION_DATA
e37f5561b71661d90ea465b551f3042b2fb27e15,SERVICE,CONFIGURATION_DATA,CONFIGURATION_DATA,CONFIGURATION_DATA,NO_DEFECT
b10987c494ad144859f884c36ce5a0a142bcf733,CONFIGURATION_DATA,CONFIGURATION_DATA,SYNTAX,SYNTAX,SYNTAX
47ff5624f666715850b97b340f32c435dd503907,CONFIGURATION_DATA,CONFIGURATION_DATA,SERVICE,CONFIGURATION_DATA,NO_DEFECT
e1d16954fe6efeb992c679871b280da17a44e554,CONFIGURATION_DATA,CONFIGURATION_DATA,NO_DEFECT,SECURITY,NO_DEFECT
9ee738f009ab26daf9c4205b53b097ff6fab8368,SYNTAX,SYNTAX,SYNTAX,SYNTAX,DEPENDENCY
5b554ca750ac5988263543b65ec415ea8581efc0,CONDITIONAL,CONDITIONAL,CONDITIONAL,CONFIGURATION_DATA,NO_DEFECT
24762e34396d243f6cf5add5c3fc7343459c8a3f,SERVICE,SERVICE,NO_DEFECT,SECURITY,NO_DEFECT
d4d9d93ed8279a41f95a0f0cef537b7b605bcef7,SECURITY,SECURITY,SYNTAX,CONFIGURATION_DATA,NO_DEFECT
dc0affc60528146a2b36d5234d717c826f30dae2,CONDITIONAL,CONDITIONAL,IDEMPOTENCY,CONDITIONAL,NO_DEFECT
25400158d35c61b2a5cdf2ecc7b3abdaba118301,CONFIGURATION_DATA,CONFIGURATION_DATA,SECURITY,NO_DEFECT,DOCUMENTATION
9a2c0436152f37b139d426fb0638c6c06640186d,CONFIGURATION_DATA,CONFIGURATION_DATA,CONFIGURATION_DATA,CONFIGURATION_DATA,CONFIGURATION_DATA
ecd64756a8e80b3c9e06e0916e12225daa2df3c7,NO_DEFECT,SERVICE,CONFIGURATION_DATA,DEPENDENCY,DEPENDENCY
52ba8f9695599593743640b073c0b4c380624e99,DEPENDENCY,DEPENDENCY,DEPENDENCY,DEPENDENCY,DEPENDENCY
cb41a081faf9b429c712cacd7ad26ac080faeed1,CONFIGURATION_DATA,CONFIGURATION_DATA,CONFIGURATION_DATA,DEPENDENCY,CONFIGURATION_DATA
3b4c6fc25597e4f57982df4fd75f2232f07e2768,NO_DEFECT,DOCUMENTATION,SYNTAX,SYNTAX,SYNTAX
0042fb9d22a6649eb475d7ef6a16e534afcf7e1e,DEPENDENCY,DEPENDENCY,DEPENDENCY,IDEMPOTENCY,DEPENDENCY
2f4b88e93711910f786e67aad6425f291ccd4c8a,SECURITY,SERVICE,CONDITIONAL,SECURITY,NO_DEFECT
b965c5f6835d78e27ae1c92ee191fe3132e26300,SERVICE,SERVICE,DEPENDENCY,DEPENDENCY,DEPENDENCY
725c867a181ab85241f37fc3e989a1aedc1ccd83,CONFIGURATION_DATA,CONFIGURATION_DATA,CONFIGURATION_DATA,CONFIGURATION_DATA,CONFIGURATION_DATA
41d0860c2c71e4a67189e56f745d2f312502612d,DEPENDENCY,DEPENDENCY,NO_DEFECT,NO_DEFECT,NO_DEFECT
b7dd62be2cbc5c437e8e0ffcb45c8bddcb3835b1,NO_DEFECT,SERVICE,NO_DEFECT,NO_DEFECT,NO_DEFECT
20aa5505769458d6925888f0b578d714f8884eb9,DOCUMENTATION,DOCUMENTATION,DOCUMENTATION,DOCUMENTATION,DOCUMENTATION
c02aaf118c5f6f777f7b0c565ec4ac378ad0a509,NO_DEFECT,NO_DEFECT,NO_DEFECT,NO_DEFECT,NO_DEFECT
51466fe8af33a95ab16aa5a8c508ba3be089c41c,DOCUMENTATION,NO_DEFECT,NO_DEFECT,NO_DEFECT,DOCUMENTATION
6183e8376d12644d30151227ed19f35d1b2433b3,IDEMPOTENCY,IDEMPOTENCY,CONDITIONAL,DEPENDENCY,NO_DEFECT
1ce18ea7eb08d974be4838d5fdfb63d20782de16,CONFIGURATION_DATA,CONFIGURATION_DATA,CONFIGURATION_DATA,CONDITIONAL,CONFIGURATION_DATA
e3759dcd576de9c8bded56e0edaa0c0874830247,SYNTAX,SYNTAX,SYNTAX,SYNTAX,SYNTAX
4d7e7fc35ca802f8be2c75f9d247d0a273b76048,NO_DEFECT,CONFIGURATION_DATA,CONFIGURATION_DATA,CONFIGURATION_DATA,CONFIGURATION_DATA
9d9091d4e94e17c74c728451da74260b43e59832,NO_DEFECT,NO_DEFECT,CONFIGURATION_DATA,NO_DEFECT,CONFIGURATION_DATA
81e610abe808ccc3052bd727a51c6fe4e23351c0,CONFIGURATION_DATA,CONFIGURATION_DATA,CONFIGURATION_DATA,CONFIGURATION_DATA,CONFIGURATION_DATA
7ff277a8785328687efb378c2c648b67d852c4ce,CONDITIONAL,CONDITIONAL,CONDITIONAL,CONDITIONAL,SYNTAX
874d248d71158bda6c3b06d7b080d6a39c550a32,DEPENDENCY,DEPENDENCY,DEPENDENCY,DEPENDENCY,DOCUMENTATION
5137f17f3fc174c54d9c4d901a3c53692ee751d0,NO_DEFECT,SERVICE,SERVICE,NO_DEFECT,NO_DEFECT
15b174657ded9b87454e388bd234795c430d0c7a,NO_DEFECT,SYNTAX,NO_DEFECT,SYNTAX,NO_DEFECT
77c466fdea071563c1a276ce8d362c2b7ccc591a,DEPENDENCY,SERVICE,DEPENDENCY,SYNTAX,DEPENDENCY
98ddb9872ee512c99c1b69bc270c6a824fc538f9,CONFIGURATION_DATA,DEPENDENCY,DOCUMENTATION,NO_DEFECT,NO_DEFECT
550d0cc927df1a62d69acdb184576ec3a583e5f8,DEPENDENCY,DEPENDENCY,DOCUMENTATION,SYNTAX,DOCUMENTATION
466d84b5693747894a582424030ba3231b7fab89,SECURITY,CONFIGURATION_DATA,SECURITY,SECURITY,SECURITY
328158b7d8202c04d95adb209f67f8d376218640,SYNTAX,NO_DEFECT,CONFIGURATION_DATA,DEPENDENCY,NO_DEFECT
9e00c4192170771ddcfdede3ac8f5c5be27cb522,CONFIGURATION_DATA,CONFIGURATION_DATA,CONFIGURATION_DATA,CONFIGURATION_DATA,CONFIGURATION_DATA
f469f0cc078bbd617fc676506ab47c2840acd82d,SERVICE,SERVICE,NO_DEFECT,NO_DEFECT,NO_DEFECT
cdac6d7976ba574f04e866c2562c48d36a281c3b,SYNTAX,SYNTAX,CONFIGURATION_DATA,SYNTAX,DOCUMENTATION
976def3faca6418437c095b3d0c5d81d24f99c69,IDEMPOTENCY,IDEMPOTENCY,IDEMPOTENCY,IDEMPOTENCY,IDEMPOTENCY
b2471ed7b785918435a1176bdd9f6600e274f5e9,CONFIGURATION_DATA,CONFIGURATION_DATA,SECURITY,CONFIGURATION_DATA,DEPENDENCY
b6d9fa9898e9ae2e2054effc8e500a60acf8b4c3,CONFIGURATION_DATA,CONFIGURATION_DATA,NO_DEFECT,DEPENDENCY,NO_DEFECT
8b8963398af55a9c580200212a12044d45a3f28e,SERVICE,SERVICE,NO_DEFECT,NO_DEFECT,NO_DEFECT
cf0c6e46683b8dc9638f12a28fcb444865aede75,CONFIGURATION_DATA,CONFIGURATION_DATA,CONFIGURATION_DATA,CONFIGURATION_DATA,CONFIGURATION_DATA
ace64b299b455e620ba8fe010cc95456c60bc730,NO_DEFECT,NO_DEFECT,SECURITY,SECURITY,NO_DEFECT
339c5e539b03c32aed03f020d5b118336f9a9524,NO_DEFECT,NO_DEFECT,CONFIGURATION_DATA,NO_DEFECT,NO_DEFECT
b44278cfc415fb4c1f59b03c6b77dfacd4785102,DOCUMENTATION,DOCUMENTATION,NO_DEFECT,NO_DEFECT,NO_DEFECT
b9292853ba2ec5c3d181a7bafe5136b1b70cb479,SYNTAX,SYNTAX,SYNTAX,SYNTAX,SYNTAX
d1522fa1027446de10daa4c58db54db64e918de7,DEPENDENCY,DEPENDENCY,DEPENDENCY,DEPENDENCY,NO_DEFECT
65ebe27f12cc6fee6fcc7e02a2a30d55f5f9c91d,SERVICE,CONFIGURATION_DATA,DEPENDENCY,SERVICE,NO_DEFECT
aa0970f2b5ace59f2df41dd29d2b1f9236652bd6,CONFIGURATION_DATA,CONFIGURATION_DATA,SECURITY,NO_DEFECT,NO_DEFECT
5337e5f8413c101317e307000fd1b2312e9d2b2e,DEPENDENCY,NO_DEFECT,DEPENDENCY,DEPENDENCY,NO_DEFECT
d2a762b5b44b75bc28c056e78ac68efa555f3e25,NO_DEFECT,DEPENDENCY,DEPENDENCY,DEPENDENCY,NO_DEFECT
4e3c67420c605187815dd5d4accad05904a791fd,NO_DEFECT,NO_DEFECT,SECURITY,SECURITY,NO_DEFECT
327a5d19ae578fe338778cfc657b3ad8b651aa7c,CONFIGURATION_DATA,CONFIGURATION_DATA,DEPENDENCY,DEPENDENCY,NO_DEFECT
713ceda318ccf45b0029fdfd32115084e1bd0667,NO_DEFECT,NO_DEFECT,NO_DEFECT,NO_DEFECT,NO_DEFECT
be7d90e9f73599e113d566df8a2ed7251f13ffe2,DEPENDENCY,DEPENDENCY,DEPENDENCY,DEPENDENCY,DEPENDENCY
7b07c07de03612f801f5d35728a2e4ffe65c0599,CONFIGURATION_DATA,CONFIGURATION_DATA,NO_DEFECT,CONDITIONAL,CONFIGURATION_DATA
995374b472e0b40b96b38bb0ed5a3bf484e27de5,SERVICE,SERVICE,IDEMPOTENCY,CONFIGURATION_DATA,IDEMPOTENCY
54bf658d9a3ca02c946b360f1aaf764f69a40ae7,DEPENDENCY,CONFIGURATION_DATA,CONFIGURATION_DATA,DEPENDENCY,CONFIGURATION_DATA
cd8eee5db511b4fd6f2b84b7a7be19dfb82cd06f,IDEMPOTENCY,IDEMPOTENCY,IDEMPOTENCY,IDEMPOTENCY,IDEMPOTENCY
60501930a889be7d0ab7da0b7f3b1ff2ff29e92e,IDEMPOTENCY,IDEMPOTENCY,IDEMPOTENCY,IDEMPOTENCY,IDEMPOTENCY
2913893702f4856ab43955b682c3db7daf80f575,SYNTAX,SYNTAX,NO_DEFECT,SYNTAX,SYNTAX
d58ff8d284766e824f8ae74542591001096e4421,SYNTAX,SYNTAX,SYNTAX,DOCUMENTATION,DOCUMENTATION
dc1b333f2bd35dca99017562e24572ea39da37d8,DOCUMENTATION,DOCUMENTATION,DEPENDENCY,DEPENDENCY,DOCUMENTATION
e8e0151596d860f7bac99ab46b13a07701d3e26c,DEPENDENCY,DEPENDENCY,DEPENDENCY,DEPENDENCY,CONFIGURATION_DATA
190ea08ab7c58ee90521e2cc89676de36291a14f,NO_DEFECT,DOCUMENTATION,CONFIGURATION_DATA,CONFIGURATION_DATA,CONFIGURATION_DATA
f10e90f834b592809a5a9fe95ad56afeba3b51e5,CONDITIONAL,CONDITIONAL,CONFIGURATION_DATA,CONDITIONAL,CONDITIONAL
ba80eff773ff4f116a71e1fd199dba15cc69f23e,SERVICE,SERVICE,SERVICE,SERVICE,SERVICE
bd2972861827940fe5cbd16c3fd5fa8856c59af2,CONFIGURATION_DATA,CONFIGURATION_DATA,CONFIGURATION_DATA,CONFIGURATION_DATA,CONFIGURATION_DATA
54534fa839439e94411816aa104fc0abcc51e6a0,CONFIGURATION_DATA,CONFIGURATION_DATA,CONFIGURATION_DATA,CONFIGURATION_DATA,DOCUMENTATION
417037c84f3f9a0864e60cace5f3c3aacd654581,CONFIGURATION_DATA,NO_DEFECT,CONFIGURATION_DATA,CONDITIONAL,CONFIGURATION_DATA
00eb6119505380832189c0f69c5074417fd2ae78,NO_DEFECT,DOCUMENTATION,DEPENDENCY,DEPENDENCY,SYNTAX
855f7c950b75f3b3296bc500641c6b8d48068b14,SERVICE,CONFIGURATION_DATA,CONFIGURATION_DATA,CONFIGURATION_DATA,CONFIGURATION_DATA
18359e94abcc68b34891ce57752d0209d27e4126,CONFIGURATION_DATA,CONDITIONAL,IDEMPOTENCY,NO_DEFECT,SERVICE
1443a17090ee7407c9d9dfa34ae4698e5d2aeaa5,DOCUMENTATION,CONFIGURATION_DATA,NO_DEFECT,NO_DEFECT,NO_DEFECT
89e3616548b372044367872736ec6a5ae339bc13,NO_DEFECT,NO_DEFECT,NO_DEFECT,NO_DEFECT,NO_DEFECT
8e6afacd062988f9507394d791be4aed0a963f6a,NO_DEFECT,SECURITY,IDEMPOTENCY,CONFIGURATION_DATA,CONFIGURATION_DATA
c95cf4402c8d3c1f71440c566a0b3d8caa2090b2,CONDITIONAL,CONDITIONAL,CONDITIONAL,CONDITIONAL,CONDITIONAL
13c1baf7882b50a3a076c6dee442f0785659fa41,DOCUMENTATION,DOCUMENTATION,NO_DEFECT,SECURITY,NO_DEFECT
2664dbcc87c73cb17c541878dea1c0d5e91b57a0,DOCUMENTATION,DOCUMENTATION,DOCUMENTATION,NO_DEFECT,DOCUMENTATION
2bbe46a091f677134448fef80e855c2ec5889ad4,SERVICE,SERVICE,CONDITIONAL,DEPENDENCY,CONFIGURATION_DATA
c985b879fbed067e615af9c7ee257ef54d939c14,DEPENDENCY,DEPENDENCY,SECURITY,SYNTAX,DEPENDENCY
65d5be386d81da81f9fbaee07099776720c602c0,SYNTAX,SYNTAX,SYNTAX,SYNTAX,SYNTAX
4805b28bf65365217bcf4f06ab51c7e54b689949,CONFIGURATION_DATA,CONFIGURATION_DATA,SECURITY,SECURITY,SECURITY
c678e6762b3ea2085996db43b48b93b1344a37ab,NO_DEFECT,NO_DEFECT,CONFIGURATION_DATA,CONFIGURATION_DATA,NO_DEFECT
f460b2723878c5babd6ddba016d56f4dbb5b03e1,DEPENDENCY,CONDITIONAL,IDEMPOTENCY,NO_DEFECT,NO_DEFECT
46d2178779443a4fb3a5368b218eb52ab4dc7feb,NO_DEFECT,NO_DEFECT,NO_DEFECT,SECURITY,SECURITY
